,Age,MonthlyIncome,DurationOfPitch,Passport,ProductPitched,PitchSatisfactionScore,NumberOfTrips,NumberOfFollowups,Designation,PreferredPropertyStar,CityTier,MaritalStatus_Unmarried,TotalVisiting,Gender,Occupation_Small Business,Occupation_Salaried,OwnCar,Occupation_Large Business,TypeofContact_Company Invited
2485,0.2325581395348838,-0.4981293351299161,-0.7908081211089137,0,0,3,3.0,4.0,2,5.0,1,0,5.0,0,0,1,0,0,0
357,0.06976744186046513,-1.2627242893605024,-1.1650023144655137,1,0,5,2.0,4.0,2,4.0,3,1,3.0,0,0,0,1,1,1
1402,0.3023255813953488,-1.4705270792619232,-0.9155395188944471,1,0,5,2.0,5.0,2,3.0,1,0,2.0,0,1,0,1,0,0
4832,0.7906976744186046,2.9830148179937885,2.452208221314954,0,2,3,5.0,5.0,0,3.0,1,1,5.0,1,0,1,0,0,1
3997,0.4883720930232558,0.09604744594706488,-0.2918825299667802,1,2,1,2.0,6.0,0,3.0,1,0,7.0,0,1,0,0,0,1
230,0.7906976744186046,-1.0563134798699045,-0.9155395188944471,0,0,3,1.0,4.0,2,3.0,1,1,2.0,0,0,1,0,0,0
1107,0.4651162790697675,-0.48659578315452623,0.08231166338981993,0,2,3,4.0,3.0,0,3.0,2,0,5.0,1,0,1,0,0,1
1192,0.7209302325581396,-1.1805974451219505,0.8307000501030202,1,0,1,5.0,3.0,2,5.0,1,0,4.0,0,1,0,1,0,0
1917,0.39534883720930236,-0.7570376915429781,-0.2918825299667802,0,2,3,1.0,3.0,0,3.0,3,0,3.0,1,1,0,0,0,0
3782,0.3023255813953488,-0.7486858090780406,-0.2918825299667802,0,0,5,3.0,4.0,2,3.0,3,1,4.0,1,1,0,0,0,0
2546,0.06976744186046513,-0.38179954365400115,-0.2918825299667802,1,0,2,3.0,5.0,2,3.0,1,1,6.0,0,0,1,1,0,1
3635,0.32558139534883723,0.12527903457434608,-0.41661392775231354,0,2,1,3.0,4.0,0,3.0,3,0,7.0,0,0,1,0,0,0
299,0.7674418604651162,-0.6049141180744739,-0.9155395188944471,0,2,2,6.0,5.0,0,4.0,1,0,2.0,1,1,0,0,0,0
3128,0.5348837209302326,0.9662340570557894,0.20704306117535332,0,1,4,4.0,5.0,1,4.0,3,0,6.0,1,1,0,1,0,0
202,0.45633174702942136,-0.234050765762369,0.08231166338981993,1,0,3,2.0,3.0,2,3.0,1,0,2.0,1,1,0,1,0,1
969,0.6976744186046512,-0.12448202199616534,-0.6660767233233803,0,1,5,2.0,3.0,1,3.0,1,1,3.0,1,0,1,1,0,0
4582,0.2558139534883721,-0.49097057873139827,0.08231166338981993,0,0,3,7.0,4.0,2,3.0,1,0,5.0,0,1,0,0,0,0
1575,0.9534883720930233,2.0521776318420657,-0.9155395188944471,0,4,1,1.0,4.0,4,3.0,2,0,3.0,0,0,1,0,0,1
34,0.13953488372093026,-1.2390606223765128,-1.1650023144655137,1,0,3,3.0,3.0,2,3.0,1,0,5.0,1,1,0,1,0,0
4567,0.7674418604651162,2.6006179137062935,-0.7908081211089137,0,3,5,3.0,4.0,3,5.0,1,0,6.0,1,0,1,1,0,1
2706,0.34883720930232565,-0.5309403019564563,-0.7908081211089137,0,2,4,6.0,5.0,0,5.0,1,1,5.0,1,0,0,0,1,0
1106,0.2790697674418605,0.2366374674401792,-1.1650023144655137,0,2,4,2.0,4.0,0,5.0,3,0,4.0,1,0,1,1,0,0
4825,0.18604651162790697,-0.7413281983351195,-0.2918825299667802,0,0,5,6.0,4.0,2,5.0,1,0,4.0,1,0,1,1,0,0
4309,0.6046511627906977,-0.5146342457153877,1.5790884368162204,0,0,4,2.0,4.0,2,3.0,1,0,7.0,1,1,0,1,0,1
4533,0.37209302325581395,-0.1608723670219644,-1.0402709166799804,0,2,4,3.0,2.0,0,5.0,3,0,5.0,1,1,0,0,0,0
2712,0.6511627906976744,1.720090876688599,1.454357039030687,1,3,3,2.0,4.0,3,3.0,1,0,5.0,1,1,0,0,0,0
4366,0.6511627906976744,-0.008152230520250393,-0.7908081211089137,0,2,5,2.0,4.0,0,4.0,3,0,7.0,1,0,1,1,0,0
1275,0.7674418604651162,0.9131399471001154,-0.7908081211089137,0,1,4,3.0,3.0,1,3.0,1,0,3.0,0,0,0,1,1,0
1258,0.2558139534883721,-1.2756498217467152,-0.6660767233233803,0,0,4,2.0,4.0,2,5.0,1,0,3.0,0,0,0,0,1,0
376,0.7674418604651162,-0.7134885901186612,0.5812372545319534,0,2,3,5.0,0.0,0,3.0,3,0,3.0,0,0,1,0,0,0
3722,0.4418604651162791,0.691019644401659,0.20704306117535332,1,1,5,2.0,4.0,1,5.0,1,0,5.0,1,0,1,1,0,0
2328,0.813953488372093,2.0048502978740865,-0.2918825299667802,0,4,1,4.0,3.0,4,3.0,1,0,3.0,0,1,0,1,0,0
1781,0.6279069767441862,-0.6590024997521643,-0.2918825299667802,0,1,1,2.0,3.0,1,5.0,1,0,3.0,1,0,1,1,0,1
1486,0.32558139534883723,-1.0392120062512231,-0.541345325537847,1,0,1,1.0,1.0,2,4.0,1,0,5.0,1,0,1,1,0,0
3983,0.4418604651162791,-0.2899288365396888,0.08231166338981993,1,0,1,2.0,5.0,2,3.0,1,0,7.0,1,1,0,1,0,0
325,0.3023255813953488,0.08332076790525537,-0.2918825299667802,0,1,2,2.0,4.0,1,3.0,1,0,3.0,0,0,1,1,0,1
625,0.6279069767441862,0.44483796603040643,-0.04241973439571344,1,1,2,5.0,3.0,1,5.0,3,0,3.0,1,1,0,1,0,0
1163,0.45633174702942136,-0.234050765762369,0.08231166338981993,0,0,1,2.0,3.0,2,4.0,1,0,3.0,0,1,0,1,0,0
1530,0.32558139534883723,-0.469693163880248,-1.1650023144655137,1,2,4,2.0,3.0,0,3.0,1,0,3.0,1,1,0,1,0,0
2913,0.34883720930232565,-0.02763995627177119,0.3317744589608867,0,2,3,2.0,3.0,0,3.0,3,0,5.0,1,0,1,1,0,1
1169,0.45633174702942136,-0.9956629048269062,-0.16715113218124683,0,0,4,1.0,1.0,2,3.0,1,0,2.0,0,1,0,0,0,0
3989,0.32558139534883723,-0.08391573573789757,-0.04241973439571344,0,2,5,3.0,4.0,0,3.0,1,1,7.0,0,0,1,1,0,0
3040,0.41860465116279066,-0.465318368303376,-1.0402709166799804,0,0,3,5.0,2.0,2,3.0,1,1,4.0,0,0,1,0,0,0
4448,0.8372093023255814,1.9821809026121133,-0.16715113218124683,0,3,1,5.0,2.0,3,3.0,1,0,5.0,1,0,1,0,0,0
548,0.5813953488372093,-0.3420286747733465,0.7059686523174868,0,2,5,4.0,4.0,0,3.0,3,0,3.0,1,0,1,0,0,1
3146,0.3023255813953488,0.48083060236739894,-0.04241973439571344,0,1,3,7.0,4.0,1,3.0,3,0,5.0,1,0,1,1,0,0
4676,0.2093023255813954,-0.5575867841064949,-0.7908081211089137,1,0,5,8.0,4.0,2,5.0,1,0,4.0,1,0,1,0,0,1
2707,0.6744186046511628,2.39142314339405,-0.7908081211089137,1,3,5,5.0,6.0,3,4.0,3,0,4.0,0,0,0,1,1,0
4526,0.2558139534883721,-0.013322443474735502,-0.7908081211089137,1,2,3,3.0,4.0,0,4.0,3,0,5.0,0,1,0,1,0,0
2622,0.6744186046511628,1.1149771066694378,-1.0402709166799804,0,1,2,3.0,4.0,1,5.0,3,0,6.0,0,1,0,1,0,0
251,0.4883720930232558,0.48003518498978587,-0.9155395188944471,0,1,2,1.0,3.0,1,3.0,1,1,4.0,0,0,0,1,1,1
4202,0.2093023255813954,-0.49176599610901134,0.9554314478885536,1,0,1,4.0,4.0,2,4.0,1,0,4.0,1,1,0,1,0,0
2850,0.813953488372093,0.6210229151717067,-0.6660767233233803,1,1,2,4.0,5.0,1,3.0,1,0,4.0,1,1,0,0,0,0
4813,0.744186046511628,2.75711628275167,-0.541345325537847,0,4,3,3.0,5.0,4,3.0,1,0,5.0,1,1,0,0,0,0
419,0.2790697674418605,-1.2780360738795544,-0.7908081211089137,0,0,3,5.0,3.0,2,3.0,1,0,3.0,1,0,1,0,0,1
815,0.06976744186046513,-1.2834051411784428,-1.1650023144655137,1,0,5,2.0,4.0,2,4.0,1,1,5.0,0,0,0,0,1,0
3679,0.6744186046511628,1.0980744873951596,-0.7908081211089137,1,1,3,6.0,4.0,1,3.0,3,0,7.0,1,0,1,0,0,0
4319,0.18604651162790697,-0.16206549308838403,-0.6660767233233803,0,0,5,7.0,4.0,2,5.0,1,0,6.0,1,1,0,1,0,0
3723,0.6279069767441862,-0.49793048078551283,-1.0402709166799804,1,0,3,3.0,4.0,2,4.0,1,0,5.0,1,1,0,1,0,1
4807,0.2790697674418605,-0.2159550204216711,-0.9155395188944471,0,0,1,3.0,4.0,2,3.0,1,0,7.0,0,0,1,1,0,0
1967,0.6046511627906977,2.1852111882478553,-0.7908081211089137,1,4,1,5.0,3.0,4,3.0,1,0,3.0,1,0,1,0,0,0
2549,0.9767441860465117,2.783563910557305,-0.7908081211089137,0,4,2,3.0,5.0,4,3.0,2,0,5.0,0,0,1,1,0,1
1854,0.41860465116279066,-0.18453603400595392,-0.9155395188944471,0,1,1,2.0,4.0,1,3.0,3,0,4.0,1,1,0,1,0,0
4357,0.11627906976744184,-0.18930853827163246,-0.541345325537847,0,0,5,7.0,5.0,2,3.0,1,1,5.0,1,0,0,0,1,1
4304,0.6046511627906977,1.8871285259873485,0.4565058567464201,0,3,3,3.0,5.0,3,4.0,1,0,5.0,1,0,1,1,0,0
791,0.39534883720930236,0.2103886939789471,-0.6660767233233803,1,1,4,1.0,3.0,1,5.0,3,1,3.0,1,0,0,1,1,0
1752,0.2558139534883721,-0.7894509496807116,-0.2918825299667802,0,2,1,2.0,3.0,0,3.0,3,1,3.0,1,0,1,0,0,1
490,0.4651162790697675,-1.1742341061010457,-1.1650023144655137,0,0,2,4.0,3.0,2,5.0,1,1,3.0,0,0,1,1,0,0
2728,0.2093023255813954,-0.020878908562059893,0.3317744589608867,1,2,3,3.0,4.0,0,5.0,1,0,5.0,1,1,0,1,0,1
3020,0.2325581395348838,-0.10022179197896598,-1.1650023144655137,0,2,3,2.0,4.0,0,3.0,3,0,5.0,1,1,0,0,0,1
4077,0.9302325581395349,0.9133388014445186,1.9532826301728206,1,1,4,5.0,2.0,1,3.0,1,0,4.0,1,0,1,1,0,0
3523,0.5116279069767442,0.701956633343839,-0.2918825299667802,0,1,3,6.0,4.0,1,4.0,1,1,5.0,0,0,1,0,0,0
661,0.5813953488372093,-0.747492683011621,-0.2918825299667802,0,2,3,5.0,3.0,0,4.0,1,0,2.0,0,0,1,1,0,0
160,0.09302325581395354,-1.2330949920444148,1.2048942434596204,0,0,2,2.0,3.0,2,3.0,1,0,4.0,1,1,0,0,0,0
3222,0.6744186046511628,-0.04593455595687234,-0.04241973439571344,1,2,2,2.0,5.0,0,5.0,1,0,7.0,0,0,1,1,0,0
4704,0.37209302325581395,0.4519967224289243,-0.41661392775231354,0,1,3,6.0,5.0,1,3.0,1,0,5.0,1,0,1,1,0,0
4100,0.5348837209302326,2.821147381649524,-0.541345325537847,0,4,5,3.0,4.0,4,3.0,1,0,5.0,0,1,0,1,0,0
1997,0.32558139534883723,-0.6220155916931555,0.08231166338981993,0,2,4,2.0,3.0,0,3.0,3,1,3.0,1,1,0,1,0,0
2479,0.6046511627906977,-0.43767761443132097,-0.7908081211089137,0,0,2,3.0,3.0,2,3.0,1,0,6.0,0,1,0,0,0,0
4111,0.5813953488372093,0.08332076790525537,1.5790884368162204,0,2,1,4.0,4.0,0,3.0,1,0,4.0,0,1,0,0,0,1
4446,0.6976744186046512,0.022670192862256987,0.7059686523174868,0,2,1,4.0,4.0,0,5.0,3,1,5.0,1,1,0,1,0,0
469,0.32558139534883723,-0.7590262349870108,-0.2918825299667802,0,2,3,1.0,2.0,0,3.0,3,0,3.0,1,0,1,1,0,1
2057,0.7906976744186046,-1.0688413035673108,0.20704306117535332,0,2,1,1.0,3.0,0,3.0,1,0,2.0,0,0,1,1,0,0
3551,0.4883720930232558,0.2447904955607134,0.20704306117535332,0,2,3,5.0,4.0,0,3.0,2,0,7.0,1,0,1,0,0,1
2385,0.06976744186046513,-1.173040980034626,1.0801628456740868,1,2,5,1.0,3.0,0,3.0,3,0,4.0,0,1,0,0,0,1
353,0.4418604651162791,-0.5070777806280634,-0.41661392775231354,1,2,3,5.0,2.0,0,5.0,1,0,3.0,1,1,0,1,0,0
4511,0.5813953488372093,0.2418076803946643,-1.0402709166799804,1,2,3,2.0,5.0,0,3.0,1,0,4.0,0,0,1,0,0,0
420,0.2558139534883721,0.6782929663598495,-0.7908081211089137,0,1,2,2.0,4.0,1,3.0,1,0,5.0,1,1,0,1,0,0
4572,0.6279069767441862,-0.4547790880500025,0.08231166338981993,1,0,3,3.0,4.0,2,5.0,1,0,5.0,1,0,1,1,0,0
1495,0.813953488372093,2.101891217942884,-0.541345325537847,0,4,4,5.0,3.0,4,3.0,1,0,2.0,0,0,1,1,0,0
509,0.34883720930232565,-0.15888382357793165,-0.41661392775231354,0,2,5,4.0,3.0,0,3.0,1,0,1.0,1,0,1,1,0,1
4320,0.813953488372093,0.6210229151717067,-0.6660767233233803,1,1,1,4.0,5.0,1,3.0,1,0,4.0,1,1,0,1,0,0
1570,0.4418604651162791,-1.282808578145233,-0.41661392775231354,1,0,1,5.0,3.0,2,5.0,2,0,5.0,1,0,1,0,0,0
4678,0.2558139534883721,-0.7544525850657355,-0.2918825299667802,0,0,5,3.0,4.0,2,4.0,3,0,7.0,1,1,0,0,0,0
1121,0.41860465116279066,-0.33984127698491046,-1.1650023144655137,0,2,1,7.0,3.0,0,3.0,3,1,4.0,0,0,1,1,0,0
1431,0.32558139534883723,0.37742634327769675,-1.1650023144655137,0,1,5,2.0,3.0,1,3.0,3,0,2.0,0,1,0,1,0,0
2822,0.39534883720930236,0.09107608733698304,1.3296256412451537,1,2,2,2.0,3.0,0,3.0,3,1,7.0,1,1,0,1,0,1
542,0.4651162790697675,-0.13183963273908647,-1.1650023144655137,1,1,2,5.0,3.0,1,3.0,1,1,3.0,0,0,1,0,0,0
3735,0.4651162790697675,-0.12587400240698826,0.20704306117535332,0,2,4,3.0,4.0,0,5.0,1,1,4.0,1,1,0,0,0,0
4662,0.2093023255813954,0.024459881961886448,2.5769396191004876,0,2,3,2.0,6.0,0,5.0,3,1,6.0,1,1,0,1,0,1
2990,0.2790697674418605,-0.4382741774645308,0.20704306117535332,0,0,4,3.0,4.0,2,3.0,3,1,4.0,1,0,1,0,0,0
433,0.6511627906976744,0.10877412398887437,0.08231166338981993,1,1,2,3.0,4.0,1,3.0,3,0,4.0,0,1,0,1,0,0
4314,0.5116279069767442,2.8537594941316606,-1.0402709166799804,1,4,3,3.0,4.0,4,3.0,1,0,4.0,1,0,1,0,0,1
24,0.37209302325581395,-1.1064247746595295,-0.41661392775231354,0,0,2,3.0,3.0,2,5.0,1,1,3.0,1,1,0,1,0,0
4269,0.2093023255813954,0.08948525258175685,-1.0402709166799804,0,2,5,3.0,4.0,0,3.0,3,0,5.0,1,0,1,0,0,0
1089,0.4418604651162791,-0.234050765762369,-0.2918825299667802,0,2,1,2.0,3.0,0,3.0,1,0,2.0,1,1,0,0,0,0
4390,0.16279069767441867,-0.5406841648322166,1.0801628456740868,0,0,3,3.0,5.0,2,4.0,1,0,6.0,1,0,1,1,0,0
886,0.45633174702942136,-0.9833339354739032,-1.1650023144655137,1,0,4,1.0,3.0,2,4.0,1,0,5.0,1,1,0,1,0,0
4570,0.34883720930232565,-0.40784946277082995,2.078014027958354,1,0,5,3.0,4.0,2,3.0,1,1,4.0,1,0,1,0,0,0
843,0.18604651162790697,-0.234050765762369,-0.2918825299667802,0,0,5,2.0,1.0,2,3.0,1,0,3.0,1,1,0,1,0,0
534,0.813953488372093,1.2507946238968737,-0.2918825299667802,0,3,2,4.0,2.0,3,3.0,1,0,2.0,1,0,1,0,0,0
3675,0.6744186046511628,0.14238050819302758,0.5812372545319534,0,2,4,8.0,4.0,0,4.0,1,1,4.0,1,0,1,1,0,0
4061,0.5581395348837209,2.4528691358146615,0.20704306117535332,0,3,1,3.0,5.0,3,5.0,1,0,5.0,1,0,1,1,0,1
3301,0.6279069767441862,-0.3798110002099684,0.20704306117535332,1,0,3,3.0,4.0,2,3.0,1,1,7.0,1,0,1,1,0,0
4305,0.5348837209302326,-0.2779975758754924,-0.7908081211089137,0,2,5,8.0,5.0,0,3.0,1,0,6.0,0,1,0,1,0,0
807,0.4651162790697675,0.042953335991390874,0.08231166338981993,1,1,3,1.0,4.0,1,3.0,3,0,3.0,1,1,0,1,0,0
4773,0.2790697674418605,-0.5325311367116824,0.8307000501030202,1,0,5,2.0,6.0,2,3.0,1,0,6.0,0,0,1,1,0,0
1977,0.2558139534883721,-0.5892046248666153,-0.7908081211089137,0,2,1,2.0,3.0,0,3.0,3,0,3.0,0,1,0,0,0,0
2655,0.3023255813953488,0.7214443590953598,-1.0402709166799804,0,1,5,3.0,5.0,1,3.0,1,1,5.0,1,0,1,1,0,1
3402,0.39534883720930236,0.7266145720498449,0.08231166338981993,0,1,5,2.0,4.0,1,3.0,1,0,5.0,1,0,1,1,0,0
811,0.4651162790697675,-0.2332553483847559,-0.9155395188944471,0,1,4,1.0,3.0,1,4.0,3,1,2.0,1,1,0,1,0,0
2974,0.2325581395348838,0.5102610453390835,-1.0402709166799804,0,1,4,3.0,4.0,1,5.0,1,0,7.0,0,0,1,1,0,0
4783,0.6744186046511628,2.830692390180881,0.8307000501030202,0,4,3,3.0,4.0,4,4.0,1,0,5.0,1,0,1,1,0,0
882,0.41860465116279066,0.34362110472914026,-1.1650023144655137,1,1,2,3.0,5.0,1,5.0,1,0,5.0,0,0,0,1,1,0
2936,0.7209302325581396,2.099107257121238,-1.0402709166799804,0,3,4,2.0,5.0,3,5.0,1,0,5.0,0,0,1,0,0,0
1764,0.4418604651162791,-1.2324984290112049,-0.04241973439571344,1,0,1,2.0,3.0,2,3.0,1,0,3.0,1,1,0,0,0,1
3659,0.41860465116279066,0.016704562530158784,-0.7908081211089137,1,0,3,2.0,5.0,2,3.0,1,1,5.0,1,1,0,1,0,1
685,0.18604651162790697,-0.234050765762369,-0.2918825299667802,0,2,3,2.0,4.0,0,5.0,3,1,3.0,1,1,0,1,0,1
4252,0.3023255813953488,0.2529435236812476,-0.41661392775231354,0,2,1,3.0,5.0,0,3.0,3,0,3.0,0,1,0,1,0,0
1513,0.2093023255813954,0.040169375169745045,-0.16715113218124683,0,1,1,2.0,3.0,1,3.0,3,1,2.0,1,0,1,1,0,1
1166,0.6976744186046512,1.3279501095253436,-0.6660767233233803,0,3,5,3.0,4.0,3,3.0,1,0,3.0,1,1,0,1,0,1
3484,0.5348837209302326,1.7719918605778533,-0.04241973439571344,0,1,1,4.0,5.0,1,4.0,1,0,5.0,1,1,0,1,0,1
847,0.37209302325581395,-0.6325548719465289,-1.1650023144655137,0,2,2,1.0,4.0,0,5.0,1,1,5.0,1,1,0,1,0,1
27,0.5581395348837209,-0.33785273354087775,-0.16715113218124683,0,2,3,1.0,3.0,0,4.0,3,0,3.0,1,1,0,0,0,0
182,0.5348837209302326,-1.0706309926669402,1.3296256412451537,1,0,4,2.0,3.0,2,4.0,3,1,5.0,0,1,0,0,0,0
4583,0.5116279069767442,-0.48560151143250985,-0.2918825299667802,1,0,1,2.0,4.0,2,5.0,1,0,6.0,1,1,0,1,0,0
4657,0.9767441860465117,1.7658273759013519,-0.7908081211089137,1,3,5,5.0,5.0,3,3.0,1,1,5.0,0,0,1,1,0,0
2562,0.4418604651162791,-0.399895288994699,-0.6660767233233803,0,0,2,7.0,4.0,2,3.0,1,0,4.0,0,0,1,1,0,0
768,0.5116279069767442,-0.02545255848333518,2.078014027958354,0,2,2,2.0,3.0,0,5.0,3,0,4.0,1,1,0,1,0,0
2128,0.6046511627906977,-1.186165366765242,-0.04241973439571344,1,0,3,2.0,3.0,2,5.0,1,0,3.0,1,0,1,1,0,0
2930,0.4651162790697675,0.9457520595822522,-0.7908081211089137,1,2,3,6.0,4.0,0,3.0,3,0,6.0,1,1,0,0,0,0
3490,0.6279069767441862,-0.28356549751878407,1.454357039030687,0,0,5,3.0,4.0,2,4.0,1,1,5.0,1,0,1,1,0,0
949,0.4883720930232558,-0.7934280365687771,-0.2918825299667802,0,2,3,1.0,3.0,0,3.0,1,1,2.0,1,0,1,0,0,0
1099,0.6279069767441862,-0.2153584573884613,-1.1650023144655137,0,1,3,2.0,3.0,1,4.0,1,0,4.0,1,0,0,1,1,0
2964,0.7209302325581396,0.651049921176601,-0.7908081211089137,0,2,3,5.0,3.0,0,4.0,3,0,4.0,1,1,0,1,0,0
2233,0.37209302325581395,-1.2535769895179518,0.08231166338981993,1,0,1,2.0,3.0,2,3.0,3,0,3.0,0,0,1,0,0,0
1418,0.4651162790697675,-0.636929667523401,-0.41661392775231354,0,2,4,3.0,4.0,0,3.0,1,0,4.0,1,0,1,1,0,1
1060,0.13953488372093026,-1.0642676536460356,-0.04241973439571344,1,0,3,3.0,3.0,2,5.0,1,1,3.0,1,1,0,0,0,1
901,0.6976744186046512,-1.186165366765242,-0.9155395188944471,0,0,2,6.0,1.0,2,4.0,1,1,5.0,1,0,0,0,1,0
565,0.45633174702942136,-0.9980491569597455,0.08231166338981993,0,0,2,2.0,2.0,2,3.0,1,1,4.0,1,1,0,1,0,0
3095,0.6976744186046512,-0.06144519482032767,-0.7908081211089137,1,2,2,2.0,4.0,0,3.0,3,0,4.0,0,1,0,1,0,0
1015,0.37209302325581395,-1.0992660182610117,-1.1650023144655137,0,0,1,6.0,3.0,2,5.0,1,0,5.0,1,0,1,1,0,1
1286,0.45633174702942136,-1.0235025130433644,-0.9155395188944471,0,0,4,5.0,3.0,2,5.0,1,0,3.0,0,0,1,1,0,0
936,0.6279069767441862,1.8964746801743024,1.9532826301728206,0,4,4,4.0,3.0,4,4.0,1,1,3.0,0,1,0,1,0,1
482,0.3023255813953488,-0.234050765762369,0.4565058567464201,0,2,2,3.0,3.0,0,5.0,3,0,2.0,1,1,0,0,0,0
1177,0.744186046511628,0.9435646617938162,0.9554314478885536,0,1,3,6.0,4.0,1,5.0,1,0,2.0,0,0,1,1,0,0
2771,0.5116279069767442,0.077951700606367,-0.6660767233233803,1,2,4,6.0,4.0,0,3.0,3,0,5.0,0,1,0,1,0,0
537,0.2093023255813954,0.05349261624476437,0.08231166338981993,0,1,3,2.0,3.0,1,5.0,1,0,2.0,1,0,1,1,0,1
3685,0.34883720930232565,0.9473428943374784,1.3296256412451537,0,1,3,5.0,6.0,1,3.0,3,0,7.0,1,0,1,1,0,0
4097,0.7674418604651162,-0.22987482452990027,-1.0402709166799804,0,0,3,4.0,5.0,2,3.0,1,0,4.0,1,1,0,1,0,0
2483,0.37209302325581395,0.10539360013401873,-1.0402709166799804,0,2,3,4.0,3.0,0,5.0,3,0,4.0,0,0,1,1,0,1
71,0.2558139534883721,-1.1575303411711708,-0.9155395188944471,0,0,4,1.0,3.0,2,4.0,1,0,3.0,1,0,1,0,0,0
3993,0.6744186046511628,0.03480030787085667,-0.41661392775231354,1,2,5,2.0,4.0,0,4.0,2,0,7.0,1,1,0,1,0,0
4207,0.2093023255813954,0.1952757638042983,-0.541345325537847,1,2,1,3.0,5.0,0,3.0,3,1,4.0,1,1,0,1,0,0
1326,0.32558139534883723,0.27501635591001095,-0.9155395188944471,1,2,1,1.0,4.0,0,4.0,3,1,2.0,1,1,0,1,0,0
3460,0.32558139534883723,-0.7128920270854514,-0.04241973439571344,0,0,4,3.0,0.0,2,4.0,1,1,5.0,0,0,1,0,0,0
290,0.7209302325581396,2.0165827041938797,0.08231166338981993,1,4,3,1.0,3.0,4,5.0,1,1,2.0,0,0,1,0,0,1
4105,0.2325581395348838,-0.5104583044829191,0.08231166338981993,0,0,3,3.0,4.0,2,4.0,1,1,7.0,0,1,0,0,0,0
4291,0.4418604651162791,-0.45796075756045485,-0.7908081211089137,0,0,5,6.0,4.0,2,3.0,1,0,5.0,0,0,1,1,0,0
2062,0.6744186046511628,1.6361743433504174,-0.9155395188944471,1,3,4,2.0,3.0,3,3.0,1,0,2.0,0,0,1,1,0,0
4680,0.7674418604651162,2.8617136679077917,-0.7908081211089137,1,4,1,3.0,4.0,4,3.0,1,0,7.0,1,1,0,1,0,0
3631,0.4883720930232558,-0.022072034628479533,-1.0402709166799804,0,2,5,2.0,4.0,0,3.0,1,0,4.0,1,0,1,1,0,1
4286,0.41860465116279066,0.336860057019429,0.08231166338981993,0,2,1,2.0,5.0,0,4.0,1,1,6.0,1,0,1,0,0,0
3199,0.6511627906976744,2.5461318233397967,0.3317744589608867,0,3,4,3.0,4.0,3,3.0,3,0,5.0,0,0,1,1,0,0
1965,0.2093023255813954,-1.0903175727628642,-0.9155395188944471,0,0,5,1.0,3.0,2,5.0,3,0,3.0,1,1,0,1,0,0
2065,0.9302325581395349,2.1321170782921812,-0.9155395188944471,1,4,3,1.0,3.0,4,4.0,1,1,2.0,1,0,1,1,0,0
2168,0.39534883720930236,-0.7801047954937578,-0.2918825299667802,0,2,4,2.0,3.0,0,3.0,3,0,3.0,0,1,0,1,0,0
3208,0.2558139534883721,-0.7544525850657355,-0.2918825299667802,0,0,5,3.0,4.0,2,4.0,3,0,6.0,1,1,0,1,0,0
581,0.45633174702942136,-0.234050765762369,-1.1650023144655137,0,0,4,4.0,5.0,2,3.0,1,0,2.0,1,0,1,1,0,0
2773,0.6976744186046512,2.6753871472019246,-0.41661392775231354,0,4,2,3.0,4.0,4,3.0,1,0,5.0,1,0,1,0,0,0
1581,0.37209302325581395,-0.48719234618773605,-0.2918825299667802,1,2,5,2.0,5.0,0,3.0,1,1,3.0,1,0,1,1,0,1
738,0.4883720930232558,0.8387684222932911,-1.1650023144655137,0,3,3,2.0,4.0,3,3.0,1,0,4.0,0,0,1,0,0,0
680,0.41860465116279066,-0.7647930109747058,-0.2918825299667802,0,0,3,3.0,3.0,2,3.0,1,1,5.0,1,0,1,0,0,0
3203,0.6511627906976744,-0.5307414476120529,1.9532826301728206,0,0,4,3.0,4.0,2,4.0,2,1,4.0,1,1,0,0,0,0
4225,0.6511627906976744,0.07238377896307534,-0.16715113218124683,0,1,1,3.0,4.0,1,5.0,1,0,5.0,1,0,1,1,0,1
3714,0.39534883720930236,0.23524548702935627,-0.6660767233233803,0,2,1,7.0,6.0,0,3.0,3,1,4.0,0,0,1,1,0,0
1066,0.45633174702942136,-0.234050765762369,-0.6660767233233803,0,0,1,1.0,4.0,2,4.0,1,0,2.0,0,1,0,0,0,0
659,0.2325581395348838,-0.7190565117619528,-0.541345325537847,0,2,3,2.0,3.0,0,3.0,3,1,3.0,1,1,0,1,0,0
3767,0.2558139534883721,-0.4255474994227213,-1.0402709166799804,0,0,4,3.0,4.0,2,3.0,2,0,5.0,1,0,1,0,0,1
180,0.45633174702942136,-0.234050765762369,0.3317744589608867,1,0,4,1.0,3.0,2,3.0,1,0,5.0,0,1,0,1,0,0
2709,0.2790697674418605,0.35754090883736944,-0.7908081211089137,0,2,4,4.0,5.0,0,4.0,3,0,6.0,1,1,0,0,0,0
1521,0.45633174702942136,-1.010775835001555,-0.541345325537847,1,0,1,2.0,3.0,2,3.0,1,1,2.0,1,0,0,0,1,0
81,0.39534883720930236,-1.12650906344426,-1.1650023144655137,0,0,4,2.0,4.0,2,3.0,1,1,1.0,1,1,0,1,0,0
300,0.5348837209302326,1.489618691525205,-0.9155395188944471,0,3,3,2.0,3.0,3,4.0,3,1,2.0,1,0,1,1,0,0
1032,0.45633174702942136,-0.9700106943988839,-0.9155395188944471,1,0,3,3.0,4.0,2,5.0,1,1,2.0,0,0,1,0,0,1
3892,0.5581395348837209,0.8137127748984786,-0.6660767233233803,0,2,3,4.0,5.0,0,4.0,3,0,5.0,1,0,1,0,0,0
1800,0.5813953488372093,-0.6496563455652105,0.08231166338981993,0,2,3,2.0,4.0,0,3.0,1,0,2.0,0,0,1,1,0,1
3194,0.6279069767441862,1.6850925120736229,2.452208221314954,1,3,2,5.0,2.0,3,3.0,3,0,5.0,0,1,0,1,0,0
501,0.2790697674418605,-1.2808200347012002,-0.7908081211089137,0,0,3,2.0,3.0,2,3.0,1,0,4.0,0,1,0,1,0,1
1039,0.37209302325581395,-1.1497750217394431,-0.04241973439571344,0,0,1,2.0,3.0,2,3.0,2,0,2.0,0,0,0,1,1,0
3651,0.8837209302325583,-0.2602995392236011,1.703819834601754,0,0,1,7.0,5.0,2,4.0,1,0,6.0,1,0,0,1,1,0
233,0.744186046511628,2.1860066056254683,-1.1650023144655137,0,4,2,4.0,3.0,4,3.0,3,0,4.0,0,1,0,1,0,0
4614,0.9534883720930233,-0.4706874356022644,-0.7908081211089137,0,0,1,6.0,4.0,2,3.0,1,1,4.0,1,0,0,0,1,0
1629,0.37209302325581395,-1.251389591729516,-0.9155395188944471,0,0,5,7.0,3.0,2,3.0,3,0,3.0,0,1,0,0,0,1
4591,0.744186046511628,0.5084713562394539,-0.04241973439571344,0,1,4,6.0,4.0,1,4.0,1,0,5.0,0,0,1,0,0,0
4794,0.34883720930232565,-0.41818988867980017,0.5812372545319534,0,0,5,3.0,5.0,2,4.0,1,0,5.0,0,0,1,1,0,1
3046,0.3023255813953488,0.4038739710833321,-0.7908081211089137,1,2,2,7.0,5.0,0,3.0,1,1,5.0,0,1,0,1,0,0
13,0.37209302325581395,-1.1658822236361082,1.2048942434596204,0,0,3,1.0,3.0,2,3.0,1,0,5.0,1,1,0,0,0,0
1844,0.2325581395348838,-0.6504517629428236,-0.04241973439571344,0,2,3,2.0,3.0,0,3.0,3,1,4.0,1,0,1,1,0,0
4850,0.6511627906976744,2.627860958889542,-0.9155395188944471,0,2,4,3.0,5.0,0,5.0,3,0,7.0,1,0,1,1,0,0
3115,0.39534883720930236,-0.5643478318162062,0.20704306117535332,0,0,2,3.0,4.0,2,4.0,1,0,4.0,1,0,1,1,0,0
3821,0.744186046511628,2.8466007377331426,-0.7908081211089137,0,4,3,3.0,4.0,4,3.0,1,0,4.0,1,0,1,1,0,1
4144,0.813953488372093,-0.32492720115466495,-0.7908081211089137,0,0,3,2.0,5.0,2,3.0,1,1,4.0,0,0,1,1,0,0
3625,0.744186046511628,1.8135524185581373,-0.2918825299667802,1,3,5,4.0,5.0,3,3.0,1,0,4.0,0,0,1,1,0,0
1450,0.39534883720930236,0.062242207398508394,2.078014027958354,1,1,1,2.0,3.0,1,3.0,2,1,2.0,0,0,1,1,0,0
4220,0.34883720930232565,0.12686986932957225,-0.16715113218124683,0,2,3,3.0,5.0,0,3.0,3,0,5.0,1,0,1,1,0,0
1375,0.32558139534883723,-1.211419868504458,-0.541345325537847,1,0,1,4.0,1.0,2,3.0,1,1,3.0,0,0,1,0,0,1
1653,0.45633174702942136,-0.9612611032451399,-1.1650023144655137,0,0,3,3.0,4.0,2,3.0,1,0,2.0,1,1,0,1,0,0
3815,0.9069767441860465,0.10618901751163182,0.3317744589608867,0,2,5,6.0,5.0,0,5.0,3,0,5.0,0,1,0,0,0,0
3092,0.4651162790697675,-0.3724533894670473,1.5790884368162204,0,0,2,7.0,4.0,2,3.0,3,0,5.0,0,1,0,1,0,1
1565,0.8372093023255814,0.9992438782267328,-0.9155395188944471,0,1,4,1.0,3.0,1,3.0,1,0,2.0,0,0,0,0,1,0
147,0.5348837209302326,1.7214828570994218,0.08231166338981993,0,3,2,5.0,4.0,3,5.0,1,0,3.0,1,0,1,1,0,1
4758,0.3023255813953488,0.3444165221067534,0.20704306117535332,0,2,1,3.0,5.0,0,3.0,3,0,6.0,1,1,0,0,0,0
1722,0.2558139534883721,-1.229714468189559,0.7059686523174868,0,0,3,2.0,3.0,2,3.0,1,1,3.0,1,0,1,1,0,0
802,0.34883720930232565,-0.234050765762369,-0.2918825299667802,0,2,4,1.0,3.0,0,4.0,3,0,1.0,0,0,1,1,0,1
954,0.5581395348837209,1.8567038112936478,-0.9155395188944471,1,3,4,1.0,3.0,3,3.0,1,0,3.0,1,0,1,0,0,1
2722,0.2093023255813954,0.3084238857697609,-1.0402709166799804,0,2,5,3.0,4.0,0,4.0,1,0,5.0,0,0,1,0,0,1
9,0.41860465116279066,-0.6536334324532759,2.2027454257438874,0,2,3,7.0,3.0,0,3.0,1,0,3.0,1,1,0,1,0,0
2050,0.39534883720930236,-1.1835802602879997,-0.16715113218124683,0,0,3,2.0,3.0,2,3.0,3,0,5.0,0,0,1,1,0,0
1738,0.6279069767441862,0.9887045979733593,1.3296256412451537,1,3,3,1.0,3.0,3,3.0,1,0,4.0,1,1,0,1,0,0
3320,0.06976744186046513,-0.43111542106601297,1.5790884368162204,0,0,3,3.0,2.0,2,3.0,3,1,4.0,1,1,0,0,0,0
3394,0.32558139534883723,0.9954656456830705,-0.7908081211089137,1,1,1,3.0,4.0,1,3.0,3,0,4.0,0,0,1,1,0,1
3680,0.4418604651162791,0.25612519319169996,0.5812372545319534,1,2,1,7.0,5.0,0,5.0,3,0,5.0,1,1,0,1,0,0
2213,0.9534883720930233,1.0344410971861122,-0.9155395188944471,1,3,5,4.0,4.0,3,3.0,1,1,3.0,0,0,1,1,0,0
1903,0.6511627906976744,0.10877412398887437,0.08231166338981993,1,1,1,3.0,4.0,1,3.0,3,0,3.0,0,1,0,0,0,0
4076,0.2558139534883721,-0.4241555190118984,1.5790884368162204,0,0,1,3.0,4.0,2,3.0,1,0,4.0,1,1,0,0,0,0
2740,0.023255813953488413,-0.6812741863253309,-0.6660767233233803,0,0,4,3.0,4.0,2,3.0,1,1,4.0,1,0,1,0,0,0
1062,0.6046511627906977,0.33507036791979955,-0.9155395188944471,1,1,1,6.0,3.0,1,3.0,1,1,3.0,1,1,0,0,0,1
3846,0.32558139534883723,-0.7391408005466835,-0.2918825299667802,1,0,5,3.0,6.0,2,3.0,1,0,4.0,0,1,0,1,0,0
848,0.39534883720930236,-1.222555711791041,-0.6660767233233803,0,0,2,2.0,4.0,2,3.0,1,0,2.0,1,0,1,1,0,1
646,0.813953488372093,0.6586063862639254,-0.16715113218124683,0,3,3,6.0,3.0,3,3.0,3,0,5.0,1,1,0,0,0,0
476,0.13953488372093026,-1.2720704435474564,0.9554314478885536,0,0,3,2.0,4.0,2,4.0,1,0,4.0,1,0,1,1,0,0
2089,0.45633174702942136,-0.234050765762369,-1.1650023144655137,0,2,4,2.0,1.0,0,5.0,3,0,3.0,1,1,0,0,0,0
4356,0.4418604651162791,1.0209190017666896,0.20704306117535332,0,1,1,3.0,4.0,1,3.0,3,1,5.0,1,1,0,1,0,1
102,0.04651162790697677,-1.1131858223692408,-0.41661392775231354,1,0,2,2.0,4.0,2,3.0,1,1,4.0,0,0,1,1,0,1
1847,0.41860465116279066,-1.1893470362756946,-0.9155395188944471,0,0,5,5.0,3.0,2,3.0,1,0,3.0,0,0,1,1,0,0
3066,0.34883720930232565,-0.08809167697036631,0.5812372545319534,0,2,2,4.0,4.0,0,3.0,3,0,5.0,1,0,1,0,0,0
3253,0.2558139534883721,0.5585826510290789,-0.6660767233233803,0,1,4,2.0,4.0,1,4.0,1,0,5.0,0,1,0,0,0,0
1877,0.6279069767441862,-1.167274204046931,0.08231166338981993,0,0,5,4.0,3.0,2,3.0,1,0,5.0,1,0,1,0,0,0
2381,0.16279069767441867,-1.472714477050359,-0.7908081211089137,0,0,5,5.0,3.0,2,5.0,1,0,2.0,1,0,1,1,0,0
294,0.4418604651162791,-1.2324984290112049,-0.04241973439571344,1,0,2,2.0,3.0,2,3.0,1,0,2.0,1,1,0,0,0,1
318,0.2093023255813954,-1.2022725686619073,-0.541345325537847,1,0,3,2.0,3.0,2,4.0,1,1,3.0,0,0,1,0,0,0
1023,0.8837209302325583,-1.2842005585560559,-1.1650023144655137,0,0,5,3.0,3.0,2,5.0,1,0,3.0,0,0,1,1,0,0
1720,0.4418604651162791,0.3030548184708725,0.08231166338981993,0,1,3,7.0,3.0,1,3.0,1,0,5.0,1,1,0,0,0,1
4489,0.8604651162790699,0.12706872367397554,1.3296256412451537,1,2,3,2.0,4.0,0,5.0,1,0,7.0,0,1,0,0,0,0
681,0.4651162790697675,1.0058060715920407,-1.1650023144655137,0,1,4,2.0,3.0,1,5.0,1,0,5.0,0,0,0,1,1,0
4769,0.4651162790697675,0.32373567028881295,-0.9155395188944471,0,2,1,3.0,5.0,0,3.0,1,0,4.0,0,0,1,0,0,0
3514,0.2558139534883721,0.010341223509254035,-0.16715113218124683,0,2,3,2.0,4.0,0,5.0,3,1,5.0,1,0,1,1,0,1
3102,0.6279069767441862,-0.4547790880500025,0.08231166338981993,1,0,3,3.0,4.0,2,5.0,1,0,5.0,1,0,1,1,0,0
3238,0.39534883720930236,0.5786669398138095,-0.6660767233233803,0,2,2,2.0,4.0,0,3.0,1,1,4.0,1,0,1,1,0,1
1108,0.39534883720930236,-1.207840490305199,-1.1650023144655137,0,0,1,2.0,4.0,2,5.0,1,1,5.0,1,1,0,0,0,0
760,0.813953488372093,-0.19865469245858633,-0.9155395188944471,0,1,2,3.0,4.0,1,4.0,3,0,3.0,0,1,0,0,0,1
1440,0.41860465116279066,-0.6747119929600229,-0.6660767233233803,0,2,3,1.0,3.0,0,4.0,1,0,4.0,0,0,1,1,0,1
391,0.45633174702942136,-1.009383854590732,-0.9155395188944471,0,2,5,7.0,4.0,0,3.0,1,0,3.0,0,1,0,1,0,0
2239,0.18604651162790697,-1.295932964875849,-1.1650023144655137,0,0,1,2.0,4.0,2,3.0,1,0,3.0,0,1,0,0,0,1
3414,0.2325581395348838,-0.4597504466600843,0.3317744589608867,0,0,3,2.0,2.0,2,3.0,3,0,6.0,0,1,0,1,0,0
2570,0.9534883720930233,1.0869386441085762,1.8285512323872872,0,1,3,3.0,4.0,1,3.0,1,0,5.0,0,1,0,1,0,0
3087,0.5813953488372093,0.07655972019554408,-0.6660767233233803,1,2,5,4.0,2.0,0,3.0,1,0,5.0,0,0,1,0,0,0
2778,0.6511627906976744,-0.22848284411907735,-0.04241973439571344,0,2,3,2.0,4.0,0,3.0,1,0,5.0,1,0,1,1,0,0
2418,0.2790697674418605,0.6745147338161872,-0.9155395188944471,0,0,3,2.0,3.0,2,4.0,1,1,3.0,1,0,1,0,0,0
2838,0.32558139534883723,-0.10738054837748383,-0.16715113218124683,0,2,2,3.0,4.0,0,5.0,1,0,4.0,0,1,0,1,0,0
3319,0.6279069767441862,-0.060649777442714575,2.5769396191004876,0,2,5,3.0,4.0,0,3.0,1,1,5.0,1,0,1,1,0,0
2845,0.9069767441860465,1.6636162428780692,-0.2918825299667802,0,3,3,2.0,3.0,3,5.0,3,0,4.0,0,0,1,1,0,1
884,0.5116279069767442,-0.33248366624198933,0.08231166338981993,0,2,5,1.0,4.0,0,4.0,3,0,2.0,0,0,0,1,1,0
495,0.2093023255813954,-1.0903175727628642,-0.9155395188944471,0,0,5,1.0,3.0,2,5.0,3,0,3.0,1,1,0,0,0,0
1485,0.2558139534883721,0.2895327230514499,1.454357039030687,0,1,5,2.0,1.0,1,5.0,1,0,3.0,0,0,1,1,0,0
3065,0.4418604651162791,0.26944843426671927,-1.0402709166799804,1,2,3,3.0,4.0,0,3.0,3,0,5.0,1,0,1,1,0,0
4848,0.18604651162790697,-0.546848649508718,0.08231166338981993,0,0,1,5.0,4.0,2,5.0,1,1,4.0,1,0,1,1,0,0
630,0.09302325581395354,-0.7455041395675882,-0.2918825299667802,0,2,2,7.0,4.0,0,3.0,1,0,2.0,1,0,1,1,0,0
4601,0.4418604651162791,-0.46273326182613345,-0.7908081211089137,0,0,5,6.0,4.0,2,3.0,1,1,6.0,1,1,0,1,0,0
2321,0.8837209302325583,2.270718556341263,-0.6660767233233803,0,4,4,5.0,3.0,4,5.0,1,0,3.0,0,0,0,1,1,0
1936,0.5348837209302326,1.6049542112791035,-0.9155395188944471,0,3,5,1.0,3.0,3,5.0,3,0,5.0,0,0,1,1,0,0
3818,0.9534883720930233,2.590874050830533,1.5790884368162204,1,3,5,3.0,4.0,3,3.0,3,0,5.0,0,0,1,1,0,0
3938,0.39534883720930236,-0.37503849594428984,-0.2918825299667802,0,0,4,4.0,4.0,2,5.0,1,1,4.0,1,1,0,0,0,0
697,0.2558139534883721,-1.266104813215358,1.3296256412451537,0,0,3,2.0,3.0,2,3.0,3,0,3.0,0,0,0,0,1,1
2654,0.34883720930232565,1.1044378264160644,-0.541345325537847,0,1,2,3.0,6.0,1,3.0,3,0,5.0,1,1,0,1,0,0
769,0.18604651162790697,-1.295932964875849,-1.1650023144655137,0,0,2,2.0,4.0,2,3.0,1,0,3.0,0,1,0,1,0,1
4746,0.4651162790697675,0.1759868923971808,2.078014027958354,0,2,3,2.0,5.0,0,3.0,1,0,4.0,0,1,0,1,0,0
137,0.4883720930232558,-0.521395293425099,-0.6660767233233803,0,2,5,5.0,4.0,0,3.0,3,0,2.0,0,0,1,1,0,0
4289,0.744186046511628,1.2167905310039138,-0.16715113218124683,0,1,1,2.0,5.0,1,3.0,1,1,4.0,1,0,1,1,0,0
2638,0.6511627906976744,2.375514795841788,-0.7908081211089137,0,3,4,2.0,5.0,3,3.0,1,0,4.0,1,1,0,1,0,1
3986,0.32558139534883723,-0.46631264002539236,-1.0402709166799804,0,0,3,3.0,4.0,2,4.0,1,1,4.0,1,1,0,1,0,0
2670,0.4651162790697675,-0.5307414476120529,-0.541345325537847,0,0,4,6.0,4.0,2,3.0,3,0,4.0,1,1,0,1,0,1
3890,0.39534883720930236,0.371063004256792,2.452208221314954,0,2,5,3.0,5.0,0,3.0,3,0,5.0,0,1,0,1,0,0
4113,0.4883720930232558,0.2813796949309157,2.5769396191004876,0,2,1,5.0,4.0,0,3.0,1,0,4.0,1,0,0,0,1,0
30,0.34883720930232565,-1.1986931904626483,-0.9155395188944471,0,0,3,5.0,3.0,2,3.0,1,1,5.0,1,1,0,1,0,0
1816,0.5348837209302326,-0.49554422865267356,-0.41661392775231354,1,2,3,7.0,4.0,0,4.0,1,1,5.0,1,1,0,1,0,0
3157,0.6511627906976744,-0.5122479935825485,-1.0402709166799804,0,0,5,5.0,4.0,2,3.0,1,0,6.0,0,1,0,0,0,0
1061,0.13953488372093026,-1.290762751921364,0.4565058567464201,0,0,1,2.0,3.0,2,4.0,3,0,3.0,0,0,1,0,0,1
1277,0.6511627906976744,2.1484231345332496,-0.9155395188944471,1,4,1,1.0,3.0,4,3.0,1,0,3.0,1,1,0,1,0,0
2645,0.744186046511628,0.38935760394189317,1.2048942434596204,1,2,2,3.0,4.0,0,3.0,1,0,6.0,1,0,1,0,0,1
3948,0.16279069767441867,-0.5076743436612732,-1.0402709166799804,1,0,3,4.0,4.0,2,3.0,1,0,7.0,1,1,0,0,0,0
1078,0.6046511627906977,1.5518601013234297,2.3274768235294205,0,3,1,4.0,3.0,3,5.0,1,0,2.0,1,0,1,1,0,0
4443,0.4883720930232558,0.5526170206969806,-1.0402709166799804,0,2,1,2.0,2.0,0,3.0,1,1,4.0,0,0,1,0,0,0
2743,0.7906976744186046,0.12647216064076572,-0.7908081211089137,0,2,2,7.0,6.0,0,4.0,1,0,4.0,1,1,0,0,0,0
4864,0.32558139534883723,0.9954656456830705,1.703819834601754,0,0,1,3.0,6.0,2,3.0,2,0,5.0,1,0,1,0,0,0
4529,0.2325581395348838,-0.6244018438259947,-0.6660767233233803,0,0,1,3.0,4.0,2,3.0,1,0,4.0,1,1,0,0,0,1
4517,0.6511627906976744,-0.5114525762049354,-0.7908081211089137,0,0,3,3.0,5.0,2,3.0,1,1,5.0,0,0,1,1,0,0
3277,0.2325581395348838,-0.458756174938068,-0.2918825299667802,0,0,2,3.0,5.0,2,3.0,1,0,5.0,1,0,1,1,0,0
4884,0.2325581395348838,-0.4597504466600843,1.9532826301728206,1,0,3,3.0,5.0,2,3.0,1,1,6.0,1,0,1,1,0,1
4059,0.3023255813953488,-0.32651803590989115,-0.41661392775231354,0,0,5,7.0,4.0,2,5.0,1,0,5.0,0,0,0,0,1,0
4408,0.39534883720930236,-0.450802001161937,0.7059686523174868,1,0,5,3.0,4.0,2,3.0,3,0,4.0,0,0,0,1,1,0
3640,0.5581395348837209,0.4446391116860032,1.8285512323872872,1,1,3,5.0,4.0,1,3.0,3,1,7.0,1,0,1,0,0,0
3078,0.18604651162790697,-0.12965223495065045,-0.6660767233233803,1,2,4,3.0,4.0,0,5.0,3,0,5.0,1,0,1,1,0,0
2500,0.41860465116279066,0.8397626940153075,1.2048942434596204,0,1,4,3.0,4.0,1,5.0,3,0,5.0,1,0,1,1,0,1
3324,0.34883720930232565,-0.41818988867980017,0.5812372545319534,0,0,5,3.0,5.0,2,4.0,1,0,5.0,0,0,1,0,0,1
255,0.16279069767441867,-0.7210450552059856,-0.2918825299667802,0,2,3,1.0,3.0,0,3.0,1,0,4.0,0,0,1,1,0,0
3001,0.41860465116279066,0.04911782066789235,-0.7908081211089137,0,2,4,4.0,4.0,0,5.0,1,0,5.0,0,0,1,0,0,1
737,0.5348837209302326,-0.7001653490436419,-0.2918825299667802,0,2,3,7.0,0.0,0,3.0,1,1,2.0,0,1,0,1,0,0
4555,0.34883720930232565,0.3336783875089766,-0.41661392775231354,0,2,3,3.0,4.0,0,4.0,3,0,5.0,1,0,1,1,0,1
2887,0.11627906976744184,-0.18930853827163246,-0.541345325537847,0,0,5,7.0,5.0,2,3.0,1,1,4.0,1,0,0,1,1,1
63,0.9534883720930233,-0.17638300588541972,1.9532826301728206,0,1,3,1.0,3.0,1,5.0,3,1,2.0,0,0,1,1,0,0
243,0.5116279069767442,-1.0350360650187542,1.8285512323872872,0,2,3,2.0,3.0,0,3.0,1,0,4.0,1,0,0,1,1,0
3349,0.2790697674418605,2.2426800937804012,-1.0402709166799804,0,3,2,5.0,5.0,3,3.0,1,0,3.0,0,0,1,0,0,0
1236,0.41860465116279066,-0.47526108552353963,0.4565058567464201,1,2,1,6.0,4.0,0,5.0,3,0,3.0,1,1,0,1,0,0
1578,0.16279069767441867,-1.120543433112162,-0.2918825299667802,0,0,1,2.0,4.0,2,3.0,1,0,5.0,1,1,0,0,0,0
3388,0.2558139534883721,0.3635065391694676,-1.0402709166799804,0,2,3,2.0,6.0,0,3.0,1,0,4.0,0,0,1,1,0,1
418,0.18604651162790697,-1.1211399961453716,1.703819834601754,0,0,3,2.0,3.0,2,3.0,1,0,3.0,0,0,1,1,0,0
3796,0.6279069767441862,0.03718656000369595,-1.0402709166799804,0,2,3,4.0,2.0,0,5.0,1,0,7.0,1,0,1,1,0,0
1417,0.3023255813953488,-1.0851473598083792,-0.9155395188944471,0,0,4,1.0,3.0,2,3.0,3,0,2.0,1,0,1,1,0,0
1866,0.5813953488372093,-0.7958142887016164,-0.2918825299667802,1,2,1,5.0,3.0,0,3.0,1,0,3.0,0,0,1,1,0,0
2589,0.3023255813953488,-0.32651803590989115,-0.41661392775231354,0,0,5,7.0,4.0,2,5.0,1,0,5.0,0,0,0,1,1,0
2465,0.4418604651162791,-0.28615060399602665,0.08231166338981993,0,2,2,2.0,5.0,0,5.0,3,1,4.0,1,0,1,0,0,0
72,0.3023255813953488,-1.197698918740632,-1.1650023144655137,0,0,3,2.0,3.0,2,4.0,1,1,2.0,1,1,0,0,0,0
637,0.32558139534883723,-1.2348846811440441,-1.1650023144655137,0,0,5,1.0,3.0,2,3.0,1,0,3.0,1,0,1,0,0,1
1550,0.2790697674418605,-0.6757062646820393,-1.1650023144655137,1,2,1,2.0,4.0,0,3.0,1,0,3.0,1,0,1,1,0,0
4816,0.2325581395348838,-0.46313097051493995,-0.7908081211089137,1,4,5,4.0,6.0,4,4.0,3,1,6.0,0,1,0,1,0,0
3489,0.5348837209302326,-0.497333917752303,-0.7908081211089137,0,0,1,4.0,4.0,2,3.0,1,0,5.0,1,1,0,0,0,0
4647,0.2093023255813954,0.12448361719673298,-0.7908081211089137,0,2,3,3.0,2.0,0,3.0,1,0,5.0,1,1,0,1,0,0
2357,0.5581395348837209,0.9280540229303609,2.078014027958354,1,1,3,4.0,3.0,1,5.0,1,0,2.0,0,1,0,0,0,1
1627,0.9302325581395349,-1.029666997719866,-0.04241973439571344,1,0,1,5.0,4.0,2,4.0,1,0,4.0,0,1,0,1,0,0
49,0.39534883720930236,-1.2438331266421914,-0.16715113218124683,0,0,5,2.0,2.0,2,3.0,1,0,3.0,1,0,1,1,0,0
687,0.41860465116279066,-1.1941195405413731,-0.9155395188944471,0,0,5,5.0,3.0,2,3.0,1,1,3.0,1,1,0,1,0,0
397,0.16279069767441867,-0.802774190755731,-0.2918825299667802,1,2,2,2.0,4.0,0,3.0,3,1,3.0,0,0,1,0,0,0
2682,0.34883720930232565,-0.18195092752871136,-0.541345325537847,0,0,3,4.0,4.0,2,4.0,3,0,4.0,0,0,1,1,0,0
4777,0.37209302325581395,-0.24777171552619487,-0.7908081211089137,0,0,1,3.0,4.0,2,3.0,2,0,7.0,1,0,1,1,0,0
780,0.2325581395348838,0.03937395779213195,1.8285512323872872,0,1,2,2.0,4.0,1,5.0,1,1,3.0,1,0,0,0,1,1
1366,0.4883720930232558,-0.5544051145960425,1.454357039030687,0,2,5,7.0,5.0,0,3.0,3,0,2.0,0,0,1,0,0,1
3479,0.32558139534883723,-0.5442635430314755,-0.04241973439571344,0,0,1,2.0,2.0,2,4.0,2,1,7.0,0,1,0,0,0,0
4387,0.744186046511628,2.914410069174659,1.2048942434596204,1,4,3,3.0,5.0,4,3.0,1,0,4.0,1,0,1,1,0,0
3582,0.7674418604651162,1.2724697474368305,1.454357039030687,1,3,4,4.0,4.0,3,3.0,1,0,5.0,1,1,0,1,0,1
4425,0.4418604651162791,0.7956170295577808,0.08231166338981993,1,2,4,4.0,5.0,0,4.0,1,0,5.0,1,1,0,0,0,0
4049,0.4418604651162791,0.018891960318594792,-0.2918825299667802,0,2,4,8.0,4.0,0,4.0,1,0,5.0,1,1,0,0,0,0
2041,0.18604651162790697,-0.234050765762369,-0.2918825299667802,0,0,4,4.0,5.0,2,3.0,1,0,3.0,0,0,1,1,0,0
3071,0.813953488372093,1.785712810341679,2.078014027958354,0,3,5,5.0,5.0,3,3.0,1,0,5.0,0,1,0,0,0,1
154,0.32558139534883723,0.09425775684743541,-0.16715113218124683,0,1,4,2.0,3.0,1,3.0,3,1,3.0,0,1,0,1,0,1
3433,0.4651162790697675,-0.367879739545772,-0.541345325537847,1,0,5,2.0,4.0,2,3.0,1,0,5.0,1,0,1,1,0,0
4098,0.8372093023255814,-0.07874552278341246,0.5812372545319534,0,2,1,3.0,2.0,0,5.0,1,0,4.0,0,1,0,1,0,0
1988,0.45633174702942136,-0.234050765762369,-0.2918825299667802,0,2,1,1.0,4.0,0,3.0,3,1,2.0,0,1,0,1,0,0
3007,0.18604651162790697,0.26527249303425054,2.2027454257438874,0,2,4,3.0,4.0,0,3.0,3,1,4.0,0,1,0,0,0,0
538,0.5348837209302326,2.1207823806611947,-1.1650023144655137,0,4,2,2.0,4.0,4,3.0,2,0,3.0,1,0,1,1,0,0
1227,0.45633174702942136,-1.0036170786030372,-0.9155395188944471,0,0,5,2.0,3.0,2,3.0,1,0,5.0,1,0,1,0,0,0
1180,0.41860465116279066,-1.2947398388094293,-0.2918825299667802,0,0,1,3.0,3.0,2,4.0,1,1,5.0,1,0,1,0,0,0
3164,0.3023255813953488,-0.5396898931102002,1.703819834601754,1,0,2,6.0,4.0,2,3.0,1,0,5.0,0,0,1,0,0,0
3345,0.7209302325581396,-0.4547790880500025,-0.7908081211089137,0,0,2,7.0,2.0,2,4.0,1,1,7.0,1,0,0,0,1,0
4002,0.3023255813953488,-0.13800411741558793,-0.7908081211089137,0,2,4,3.0,5.0,0,3.0,1,0,7.0,1,0,1,1,0,0
3081,0.34883720930232565,-0.5034984024288045,-1.0402709166799804,0,0,5,2.0,4.0,2,3.0,1,0,5.0,1,0,1,0,0,1
1293,0.5813953488372093,-1.2102267424380382,-0.04241973439571344,0,0,3,5.0,3.0,2,3.0,1,1,3.0,1,0,1,0,0,1
3160,0.5581395348837209,2.8979051585891873,0.08231166338981993,0,4,4,3.0,4.0,4,3.0,1,0,7.0,1,1,0,1,0,1
4449,0.5581395348837209,2.8426236508450775,0.20704306117535332,0,4,1,3.0,5.0,4,3.0,2,0,6.0,1,0,1,1,0,0
2757,0.37209302325581395,1.3983445474441025,-0.41661392775231354,0,1,3,8.0,4.0,1,4.0,1,0,7.0,0,0,1,1,0,1
4043,0.744186046511628,0.34222912431831737,1.454357039030687,0,2,1,3.0,4.0,0,5.0,1,0,5.0,0,1,0,1,0,0
2811,0.7674418604651162,1.1235278434787785,0.20704306117535332,0,1,5,8.0,5.0,1,3.0,1,1,7.0,1,0,0,0,1,0
1754,0.18604651162790697,-0.7522651872772995,-0.2918825299667802,1,2,3,2.0,3.0,0,5.0,1,0,2.0,1,1,0,1,0,1
4158,0.6511627906976744,2.854753765853677,-1.0402709166799804,0,4,4,3.0,2.0,4,3.0,1,0,6.0,1,0,1,1,0,0
4833,0.9767441860465117,1.126709512989231,0.7059686523174868,1,1,5,2.0,4.0,1,3.0,1,1,4.0,0,0,1,1,0,1
2152,0.32558139534883723,-1.2313053029447851,-1.1650023144655137,0,0,3,7.0,4.0,2,4.0,1,0,5.0,0,0,1,0,0,1
3754,0.9534883720930233,2.1756661797164982,0.8307000501030202,1,3,1,4.0,4.0,3,3.0,1,0,4.0,1,0,1,1,0,1
95,0.8372093023255814,0.9992438782267328,-0.9155395188944471,0,1,4,1.0,3.0,1,3.0,1,0,2.0,0,0,0,1,1,0
2464,0.16279069767441867,-0.1660425799764495,0.3317744589608867,0,2,3,2.0,3.0,0,3.0,1,0,7.0,0,0,1,1,0,1
2938,0.39534883720930236,-0.450802001161937,0.7059686523174868,1,0,5,3.0,4.0,2,3.0,3,0,5.0,0,0,0,1,1,0
600,0.32558139534883723,-0.469693163880248,-0.6660767233233803,0,2,4,2.0,4.0,0,3.0,1,0,3.0,0,0,1,1,0,0
2741,0.41860465116279066,0.6311644867362737,0.9554314478885536,0,1,2,2.0,4.0,1,4.0,3,0,7.0,1,1,0,1,0,0
3522,0.6279069767441862,2.283246380038669,2.452208221314954,0,3,1,5.0,4.0,3,5.0,1,0,3.0,1,0,1,1,0,0
2543,0.6279069767441862,-0.5575867841064949,1.8285512323872872,0,2,3,6.0,4.0,0,4.0,1,0,5.0,1,1,0,1,0,1
4819,0.2790697674418605,2.2426800937804012,-0.16715113218124683,1,0,4,5.0,4.0,2,3.0,1,0,3.0,0,0,0,1,1,0
806,0.7906976744186046,0.38199999319897204,-0.2918825299667802,0,1,3,1.0,3.0,1,4.0,1,1,3.0,1,0,1,1,0,0
374,0.2325581395348838,-0.6504517629428236,-0.04241973439571344,0,2,3,2.0,3.0,0,3.0,3,1,3.0,1,0,1,1,0,0
1765,0.5581395348837209,0.9944713739610542,2.078014027958354,0,3,3,6.0,3.0,3,4.0,3,0,4.0,0,1,0,1,0,1
1247,0.3023255813953488,-0.03539527570349885,-0.541345325537847,0,2,5,2.0,3.0,0,3.0,3,0,3.0,1,0,0,0,1,0
3280,0.2790697674418605,0.49514811516443463,1.8285512323872872,0,1,3,3.0,5.0,1,5.0,3,0,4.0,0,0,1,0,0,0
2484,0.41860465116279066,-0.5756825294471928,-0.541345325537847,0,0,4,3.0,4.0,2,3.0,1,0,5.0,1,0,1,0,0,0
1383,0.41860465116279066,-1.1362529263200205,-0.04241973439571344,0,0,5,2.0,1.0,2,4.0,1,0,3.0,1,0,1,1,0,1
241,0.32558139534883723,-0.234050765762369,-0.2918825299667802,0,2,4,1.0,3.0,0,3.0,3,0,5.0,1,1,0,1,0,1
3163,0.6976744186046512,-0.13581671962715192,-0.541345325537847,1,2,3,3.0,4.0,0,3.0,3,1,5.0,0,0,1,1,0,0
475,0.18604651162790697,-0.44781918599588794,2.3274768235294205,0,2,3,2.0,3.0,0,4.0,3,0,3.0,1,1,0,1,0,0
1454,0.6279069767441862,-0.7305900637373427,-0.2918825299667802,0,2,1,1.0,3.0,0,3.0,3,1,2.0,0,0,1,1,0,0
3744,0.39534883720930236,0.3883633322198768,-0.04241973439571344,0,2,1,3.0,2.0,0,3.0,3,0,7.0,1,0,0,0,1,0
735,0.6976744186046512,-0.234050765762369,-0.2918825299667802,0,2,2,3.0,4.0,0,3.0,1,1,3.0,1,0,1,0,0,0
2401,0.2790697674418605,-0.7614124871198501,-0.2918825299667802,1,0,3,3.0,3.0,2,5.0,1,1,3.0,1,1,0,0,0,1
3012,0.8837209302325583,2.9854010701266276,-0.7908081211089137,1,4,2,7.0,4.0,4,3.0,1,0,7.0,1,1,0,1,0,0
1829,0.41860465116279066,0.23365465227413007,-0.7908081211089137,0,1,1,5.0,4.0,1,3.0,3,0,2.0,1,1,0,0,0,1
1001,0.45633174702942136,-0.9733912182537395,0.20704306117535332,0,0,3,5.0,3.0,2,3.0,1,1,4.0,0,1,0,0,0,0
1178,0.04651162790697677,-1.141621993618909,-0.9155395188944471,0,0,4,2.0,3.0,2,3.0,3,1,2.0,0,1,0,0,0,0
2967,0.7674418604651162,-0.3231375120550355,2.452208221314954,1,0,2,3.0,3.0,2,3.0,1,0,7.0,1,1,0,1,0,0
2801,0.09302325581395354,-0.5313380106452628,-1.0402709166799804,1,0,5,3.0,5.0,2,4.0,3,1,5.0,0,0,0,1,1,1
4247,0.6046511627906977,1.021913273488706,-0.16715113218124683,0,1,5,2.0,4.0,1,5.0,1,0,4.0,0,0,1,1,0,0
1797,0.4883720930232558,-0.6534345781088726,-0.7908081211089137,1,2,4,5.0,3.0,0,3.0,3,0,3.0,0,1,0,1,0,0
1205,0.32558139534883723,-1.418029532339459,-0.9155395188944471,0,0,3,2.0,3.0,2,4.0,1,1,4.0,1,0,1,1,0,0
2759,0.6046511627906977,-0.47545993986794294,0.20704306117535332,0,0,5,2.0,4.0,2,3.0,1,1,5.0,0,0,1,0,0,1
559,0.4651162790697675,-1.087135903252412,-0.9155395188944471,1,0,4,7.0,3.0,2,3.0,1,0,3.0,1,1,0,0,0,0
672,0.5581395348837209,-0.45338710763917955,0.5812372545319534,0,2,3,1.0,4.0,0,3.0,3,1,3.0,0,1,0,0,0,0
3410,0.9534883720930233,1.0264869234099812,-0.16715113218124683,1,1,4,2.0,5.0,1,5.0,1,0,4.0,0,1,0,1,0,0
590,0.34883720930232565,0.6297725063254508,-0.2918825299667802,0,1,4,1.0,3.0,1,3.0,1,0,2.0,1,1,0,0,0,0
4101,0.8837209302325583,2.7593036805401057,0.7059686523174868,0,4,1,3.0,2.0,4,4.0,1,1,6.0,1,1,0,1,0,0
4405,0.6046511627906977,0.16564646648821058,0.08231166338981993,1,2,3,5.0,4.0,0,3.0,1,0,7.0,1,1,0,1,0,1
1202,0.4651162790697675,-1.0376211714959969,-0.6660767233233803,0,0,5,1.0,3.0,2,3.0,1,0,2.0,0,1,0,0,0,0
111,0.37209302325581395,-0.48719234618773605,-0.2918825299667802,1,2,5,2.0,5.0,0,3.0,1,1,4.0,1,0,1,1,0,1
2653,0.6744186046511628,0.9047880646351779,-1.0402709166799804,0,1,2,2.0,4.0,1,5.0,1,0,5.0,1,1,0,0,0,0
3373,0.2558139534883721,-0.19467760557052086,-0.7908081211089137,1,0,4,3.0,5.0,2,3.0,1,0,4.0,1,0,1,1,0,1
750,0.6046511627906977,0.9537062333583831,2.3274768235294205,1,3,2,4.0,1.0,3,3.0,3,0,3.0,0,1,0,1,0,0
3799,0.4418604651162791,0.13144351925084755,1.0801628456740868,0,2,4,4.0,5.0,0,4.0,3,0,4.0,1,1,0,1,0,0
2909,0.6744186046511628,1.1296923281552802,1.2048942434596204,0,1,3,7.0,4.0,1,3.0,1,0,4.0,0,1,0,1,0,1
1046,0.45633174702942136,-1.0149517762340237,1.3296256412451537,0,0,5,2.0,3.0,2,4.0,1,1,3.0,1,0,1,1,0,0
4610,0.6511627906976744,-0.07934208581662228,-0.541345325537847,0,2,4,3.0,4.0,0,4.0,1,0,4.0,1,0,1,1,0,1
3670,0.34883720930232565,-0.28098039104154154,0.20704306117535332,0,0,1,8.0,4.0,2,3.0,1,0,4.0,1,0,1,0,0,1
1892,0.023255813953488413,-1.1851710950432257,-0.9155395188944471,0,0,3,2.0,4.0,2,3.0,2,1,2.0,1,0,0,0,1,0
3510,0.37209302325581395,-0.20044438155821578,-0.541345325537847,0,0,1,2.0,5.0,2,4.0,1,0,4.0,0,1,0,0,0,0
53,0.39534883720930236,0.27044270598873565,0.20704306117535332,1,1,5,3.0,4.0,1,5.0,1,0,4.0,1,1,0,1,0,1
755,0.6279069767441862,1.814745544624557,0.20704306117535332,0,3,4,4.0,3.0,3,3.0,3,0,3.0,0,0,1,1,0,0
1194,0.6744186046511628,1.4810679547158643,-0.9155395188944471,0,3,1,7.0,1.0,3,4.0,3,0,2.0,0,0,1,0,0,0
472,0.4418604651162791,-0.41301967572531506,-1.1650023144655137,0,2,2,7.0,3.0,0,4.0,1,0,4.0,0,0,1,1,0,0
1052,0.2790697674418605,-1.4416931993234485,-0.2918825299667802,0,0,5,2.0,3.0,2,3.0,1,0,3.0,1,0,0,0,1,1
4785,0.16279069767441867,-0.5241792542467449,1.0801628456740868,0,0,1,3.0,4.0,2,4.0,1,0,7.0,0,0,1,1,0,0
1958,0.45633174702942136,-0.234050765762369,-0.9155395188944471,0,2,1,2.0,3.0,0,3.0,1,0,2.0,0,0,1,0,0,0
236,0.34883720930232565,-1.1567349237935576,-0.9155395188944471,0,0,3,1.0,3.0,2,5.0,1,0,2.0,0,0,1,1,0,0
3869,0.37209302325581395,0.006364136621188566,0.8307000501030202,1,2,1,2.0,4.0,0,3.0,1,0,6.0,0,1,0,1,0,0
3330,0.3023255813953488,-0.2519476567586636,-1.0402709166799804,1,0,4,2.0,4.0,2,4.0,1,0,7.0,1,1,0,1,0,0
674,0.9302325581395349,0.4032774080501223,-0.541345325537847,1,1,5,3.0,4.0,1,4.0,1,0,3.0,0,0,0,1,1,0
2183,0.6279069767441862,-1.2436342722977882,-1.1650023144655137,0,0,5,4.0,3.0,2,3.0,1,0,3.0,0,1,0,1,0,0
3101,0.2790697674418605,-0.46014815534889086,-0.16715113218124683,0,0,5,8.0,5.0,2,3.0,1,0,5.0,0,1,0,1,0,0
3290,0.41860465116279066,1.0793821790212519,-0.7908081211089137,0,1,4,4.0,5.0,1,4.0,1,0,4.0,1,0,1,1,0,0
293,0.18604651162790697,-0.5361105149109413,-0.6660767233233803,1,2,2,2.0,4.0,0,3.0,3,1,3.0,1,1,0,1,0,0
1961,0.5813953488372093,-0.5657398122270291,-0.04241973439571344,1,2,3,4.0,3.0,0,3.0,1,0,5.0,1,1,0,1,0,1
2667,0.4883720930232558,1.1459983843963486,-0.6660767233233803,0,1,2,2.0,4.0,1,3.0,3,0,6.0,1,0,1,1,0,0
2205,0.6976744186046512,-0.234050765762369,-0.2918825299667802,0,2,1,3.0,4.0,0,3.0,1,1,5.0,1,0,1,0,0,0
3393,0.5116279069767442,-0.06204175785353749,1.2048942434596204,0,2,3,2.0,4.0,0,3.0,1,1,4.0,1,0,1,0,0,0
1814,0.39534883720930236,-0.08530771614872049,-0.541345325537847,0,1,3,1.0,3.0,1,4.0,1,1,4.0,1,0,0,1,1,0
2737,0.2093023255813954,0.1952757638042983,-0.541345325537847,1,2,2,3.0,5.0,0,3.0,3,1,5.0,1,1,0,1,0,0
2218,0.18604651162790697,-0.7069263967533532,2.452208221314954,0,2,3,1.0,0.0,0,5.0,3,1,4.0,1,1,0,1,0,1
4876,0.7906976744186046,1.825483679222334,2.3274768235294205,1,2,5,3.0,4.0,0,3.0,3,1,5.0,1,0,1,1,0,0
134,0.18604651162790697,-1.1100041528587885,1.9532826301728206,0,0,4,2.0,3.0,2,3.0,2,0,3.0,0,0,1,1,0,0
588,0.744186046511628,1.812558146836121,-0.9155395188944471,0,3,2,6.0,3.0,3,3.0,1,0,4.0,1,1,0,0,0,0
2442,0.0,-1.3746792852595453,-0.04241973439571344,0,0,5,2.0,3.0,2,3.0,3,1,3.0,1,1,0,0,0,0
817,0.41860465116279066,-0.14814568898015487,1.0801628456740868,0,2,3,3.0,3.0,0,3.0,1,1,3.0,1,0,1,1,0,1
4671,0.39534883720930236,0.9702111439438549,-1.0402709166799804,0,2,5,2.0,2.0,0,3.0,3,0,6.0,1,1,0,0,0,0
4279,0.6744186046511628,0.08192878749443247,-0.16715113218124683,0,2,5,4.0,4.0,0,3.0,1,0,3.0,0,1,0,1,0,1
122,0.8837209302325583,-0.7081195228197729,0.5812372545319534,1,0,5,1.0,0.0,2,4.0,1,0,4.0,0,0,1,1,0,0
2415,0.744186046511628,1.6616276994340364,0.3317744589608867,1,2,3,4.0,3.0,0,3.0,3,1,3.0,1,0,1,1,0,1
1260,0.32558139534883723,-1.1545475260051217,-0.541345325537847,0,0,3,3.0,3.0,2,4.0,1,1,4.0,1,0,0,1,1,1
3175,0.06976744186046513,-0.4466260599294683,0.3317744589608867,1,0,3,3.0,5.0,2,5.0,1,1,6.0,0,1,0,0,0,0
2111,0.32558139534883723,-0.39770789120626304,-0.541345325537847,0,2,3,2.0,3.0,0,4.0,3,0,3.0,1,0,1,1,0,1
2519,0.32558139534883723,-0.08391573573789757,-0.04241973439571344,0,2,5,3.0,4.0,0,3.0,1,1,6.0,0,0,1,0,0,0
4778,0.5581395348837209,-0.5446612517202821,-0.41661392775231354,0,0,3,8.0,5.0,2,5.0,1,0,6.0,1,0,1,0,0,1
2834,0.6046511627906977,1.8871285259873485,0.4565058567464201,0,3,3,3.0,5.0,3,4.0,1,0,5.0,1,0,1,0,0,0
4035,0.37209302325581395,0.25851144532453924,1.703819834601754,0,2,1,2.0,4.0,0,4.0,3,0,5.0,1,1,0,0,0,1
2413,0.45633174702942136,-1.0143552132008138,0.7059686523174868,1,2,1,7.0,5.0,0,3.0,3,0,3.0,1,1,0,0,0,0
809,0.2325581395348838,-0.17280362768616078,-0.7908081211089137,0,1,4,1.0,3.0,1,4.0,1,0,3.0,0,1,0,0,0,0
3371,0.4418604651162791,0.11215464784373003,-0.7908081211089137,1,2,3,2.0,4.0,0,4.0,1,1,4.0,0,0,1,1,0,0
136,0.7674418604651162,0.4227651338016431,-0.16715113218124683,0,1,2,3.0,5.0,1,3.0,1,1,3.0,1,0,1,0,0,1
2105,0.39534883720930236,0.42972503585575766,-0.04241973439571344,1,1,4,2.0,4.0,1,3.0,1,0,5.0,0,0,1,1,0,0
4493,0.39534883720930236,-0.09246647254723832,-0.7908081211089137,0,0,1,3.0,5.0,2,5.0,1,1,4.0,0,1,0,1,0,0
4294,0.16279069767441867,-0.11652784822003441,0.20704306117535332,1,2,1,3.0,4.0,0,3.0,3,0,5.0,0,1,0,0,0,0
3496,0.3023255813953488,-0.7103069206082089,-0.16715113218124683,0,0,5,3.0,0.0,2,3.0,1,0,5.0,1,0,0,0,1,1
2576,0.32558139534883723,-0.05707039924345565,1.454357039030687,1,2,3,5.0,6.0,0,3.0,3,0,5.0,0,0,1,1,0,0
3819,0.34883720930232565,-0.48003358978921823,-0.41661392775231354,1,0,1,5.0,2.0,2,3.0,1,1,5.0,0,0,1,0,0,1
2777,0.6046511627906977,1.021913273488706,-0.16715113218124683,0,1,5,2.0,4.0,1,5.0,1,0,4.0,0,0,1,1,0,0
152,0.813953488372093,-1.2364755158992704,-0.41661392775231354,1,2,5,3.0,3.0,0,3.0,3,0,2.0,1,1,0,0,0,0
3755,0.023255813953488413,-0.6625818779514232,0.7059686523174868,0,0,5,3.0,4.0,2,3.0,1,1,4.0,0,1,0,1,0,1
2995,0.5116279069767442,0.3068330510145347,-0.6660767233233803,0,2,2,2.0,3.0,0,4.0,2,0,4.0,0,0,1,1,0,0
18,0.813953488372093,1.3726923370160802,-0.9155395188944471,0,3,3,3.0,4.0,3,3.0,3,0,3.0,0,0,1,1,0,0
2514,0.9767441860465117,0.12468247154113625,-1.0402709166799804,0,2,5,2.0,5.0,0,3.0,3,1,5.0,0,0,1,1,0,1
3813,0.2558139534883721,0.9958633543718771,0.5812372545319534,1,2,5,5.0,4.0,0,3.0,3,1,5.0,0,1,0,1,0,0
505,0.18604651162790697,-1.166279932324915,-0.41661392775231354,1,0,2,2.0,3.0,2,3.0,1,0,3.0,0,0,1,0,0,0
2461,0.11627906976744184,-0.3800098545543717,0.9554314478885536,1,0,3,3.0,3.0,2,3.0,1,0,5.0,1,1,0,0,0,1
254,0.2558139534883721,-0.31677417303413075,1.3296256412451537,0,2,2,3.0,3.0,0,3.0,3,0,3.0,1,1,0,1,0,0
4561,0.41860465116279066,1.204461561650911,2.078014027958354,0,1,3,5.0,5.0,1,4.0,1,0,6.0,1,0,0,1,1,0
2534,0.5348837209302326,1.7214828570994218,-1.0402709166799804,0,3,2,3.0,5.0,3,4.0,1,0,7.0,1,0,1,1,0,1
3849,0.32558139534883723,1.2299149177345299,0.20704306117535332,0,1,1,6.0,4.0,1,3.0,1,0,5.0,0,1,0,1,0,1
2243,0.41860465116279066,0.06641814863097714,0.3317744589608867,0,1,1,1.0,4.0,1,3.0,1,1,2.0,0,1,0,1,0,0
2498,0.2093023255813954,-0.13700984569357158,1.8285512323872872,1,2,2,2.0,5.0,0,3.0,3,0,4.0,0,1,0,1,0,0
124,0.3023255813953488,-0.46770462043621525,-0.41661392775231354,1,2,3,5.0,5.0,0,3.0,3,0,4.0,1,0,1,1,0,0
2605,0.2325581395348838,-0.5611661623057538,0.08231166338981993,0,0,3,8.0,4.0,2,4.0,1,0,4.0,1,1,0,0,0,1
920,0.37209302325581395,-0.234050765762369,-0.2918825299667802,0,2,3,5.0,3.0,0,4.0,1,0,2.0,0,1,0,1,0,1
1794,0.2790697674418605,-0.5466497951643148,2.3274768235294205,0,2,3,2.0,3.0,0,3.0,1,0,5.0,0,1,0,1,0,0
1149,0.45633174702942136,-0.234050765762369,1.2048942434596204,0,0,1,2.0,4.0,2,5.0,1,0,3.0,1,0,1,0,0,0
833,0.2093023255813954,-1.1901424536533076,-0.41661392775231354,0,0,2,2.0,4.0,2,3.0,1,0,3.0,1,0,1,1,0,0
3130,0.5581395348837209,-0.02485599545012536,-0.2918825299667802,1,0,4,4.0,4.0,2,5.0,1,1,4.0,1,1,0,1,0,0
4188,0.09302325581395354,-0.32134782295540604,-0.6660767233233803,0,0,5,3.0,5.0,2,3.0,1,1,7.0,1,1,0,1,0,0
3050,0.39534883720930236,-0.45597221411642214,0.9554314478885536,0,0,5,3.0,5.0,2,3.0,1,1,6.0,0,0,1,1,0,1
1563,0.6511627906976744,0.4273387837229184,-1.1650023144655137,1,1,1,3.0,4.0,1,5.0,1,0,3.0,1,1,0,1,0,1
3269,0.2790697674418605,0.04176020992497124,-0.04241973439571344,1,2,3,3.0,5.0,0,3.0,1,0,5.0,1,1,0,0,0,0
3655,0.4651162790697675,0.9304402750632002,-1.0402709166799804,0,2,1,3.0,6.0,0,3.0,3,0,5.0,1,1,0,0,0,1
1924,0.2558139534883721,-0.234050765762369,-0.2918825299667802,0,2,5,5.0,3.0,0,3.0,1,0,2.0,1,0,0,1,1,0
4532,0.18604651162790697,-0.282770080141171,-0.7908081211089137,0,0,1,2.0,2.0,2,5.0,1,1,6.0,1,1,0,0,0,0
447,0.39534883720930236,-0.7570376915429781,-0.2918825299667802,0,2,3,1.0,3.0,0,3.0,3,0,2.0,1,1,0,1,0,0
1080,0.6511627906976744,1.6071416090675397,-0.7908081211089137,0,3,4,1.0,3.0,3,4.0,3,0,2.0,0,0,1,1,0,0
3241,0.2093023255813954,-0.49097057873139827,1.5790884368162204,0,0,5,3.0,4.0,2,3.0,1,0,5.0,1,1,0,1,0,0
1422,0.39534883720930236,-1.1660810779805115,0.20704306117535332,1,0,5,1.0,3.0,2,3.0,1,0,2.0,1,1,0,0,0,0
108,0.16279069767441867,-1.120543433112162,-0.2918825299667802,0,0,2,2.0,4.0,2,3.0,1,0,5.0,1,1,0,1,0,0
709,0.3023255813953488,-1.2334927007332213,-0.04241973439571344,1,0,3,1.0,4.0,2,5.0,1,1,2.0,1,1,0,1,0,1
3831,0.2790697674418605,0.10479703710080891,-1.0402709166799804,0,2,3,2.0,4.0,0,5.0,1,0,4.0,1,0,1,1,0,0
4024,0.7906976744186046,0.5245785581361191,-1.0402709166799804,0,1,1,5.0,5.0,1,5.0,1,1,3.0,0,1,0,1,0,1
4116,0.39534883720930236,-0.20501803147949108,0.20704306117535332,1,0,3,3.0,4.0,2,3.0,1,0,5.0,1,1,0,1,0,1
2280,0.6511627906976744,1.7779574909099514,-0.7908081211089137,0,3,1,4.0,3.0,3,3.0,3,0,2.0,1,1,0,1,0,0
4273,0.4418604651162791,0.9650409309893697,-0.6660767233233803,0,1,1,6.0,5.0,1,3.0,3,0,4.0,1,1,0,0,0,1
3116,0.5813953488372093,0.27799917107606004,0.7059686523174868,0,2,3,2.0,5.0,0,3.0,3,1,5.0,0,1,0,0,0,0
321,0.3023255813953488,-0.19427989688171432,-0.2918825299667802,0,2,2,5.0,3.0,0,3.0,3,0,3.0,1,1,0,0,0,0
593,0.41860465116279066,-0.6554231215529054,-1.1650023144655137,0,2,5,1.0,3.0,0,4.0,1,0,2.0,0,0,1,0,0,0
571,0.18604651162790697,-0.234050765762369,-0.2918825299667802,0,0,4,4.0,5.0,2,3.0,1,0,5.0,0,0,1,1,0,0
277,0.4651162790697675,-0.5804550337128713,-0.2918825299667802,1,2,3,2.0,2.0,0,5.0,3,0,2.0,0,1,0,0,0,0
4730,0.5116279069767442,0.38498280836502113,0.08231166338981993,0,2,1,2.0,4.0,0,4.0,1,1,5.0,1,0,1,1,0,1
4123,0.6744186046511628,0.9047880646351779,-1.0402709166799804,0,1,1,2.0,4.0,1,5.0,1,0,7.0,1,1,0,0,0,0
2748,0.5116279069767442,0.9479394573706882,-1.0402709166799804,0,1,3,2.0,3.0,1,3.0,1,0,4.0,1,1,0,1,0,0
2756,0.32558139534883723,-0.4277348972111573,-0.7908081211089137,1,0,4,2.0,4.0,2,3.0,1,0,5.0,1,0,1,1,0,0
4768,0.6511627906976744,-0.07337645548452408,-0.16715113218124683,1,0,3,6.0,4.0,2,3.0,1,0,5.0,0,1,0,0,0,0
3355,0.18604651162790697,-0.7413281983351195,-0.2918825299667802,1,0,1,3.0,6.0,2,3.0,3,1,6.0,1,0,1,1,0,1
3693,0.2790697674418605,-0.4148093648249445,0.08231166338981993,0,0,1,3.0,6.0,2,4.0,3,1,5.0,0,1,0,1,0,0
3499,0.39534883720930236,2.418268479888492,0.8307000501030202,0,3,4,3.0,4.0,3,5.0,1,0,7.0,1,1,0,1,0,1
4715,0.7674418604651162,-0.023464015039302448,-1.0402709166799804,1,2,1,5.0,4.0,0,3.0,3,1,5.0,1,0,1,1,0,1
3443,0.5813953488372093,2.376906776252611,0.20704306117535332,0,3,3,2.0,4.0,3,5.0,2,0,3.0,0,0,1,0,0,0
301,0.0,-1.4564084208092907,0.08231166338981993,0,0,2,2.0,4.0,2,3.0,3,1,5.0,0,1,0,1,0,0
3699,0.37209302325581395,0.7393412500916544,0.9554314478885536,1,1,5,4.0,4.0,1,5.0,3,1,5.0,0,0,1,0,0,0
3709,0.37209302325581395,-0.35614733322597886,-0.541345325537847,0,2,1,7.0,4.0,0,4.0,1,0,4.0,1,0,0,0,1,1
3266,0.39534883720930236,-0.16166778439957746,-0.7908081211089137,0,2,4,4.0,4.0,0,3.0,1,1,7.0,1,0,1,1,0,1
2193,0.6511627906976744,0.46154173096028145,-0.2918825299667802,0,1,1,7.0,3.0,1,3.0,1,0,4.0,1,1,0,1,0,0
3617,0.4418604651162791,0.6287782346034344,-0.41661392775231354,0,1,4,6.0,4.0,1,5.0,1,0,5.0,0,0,1,1,0,0
3508,0.3023255813953488,-0.5532119885296228,-1.0402709166799804,0,0,1,2.0,4.0,2,3.0,2,0,5.0,1,0,1,0,0,0
3779,0.5116279069767442,-0.1877177035164063,1.3296256412451537,0,2,5,2.0,4.0,0,3.0,1,0,4.0,1,0,1,1,0,0
724,0.13953488372093026,-0.234050765762369,-0.2918825299667802,0,2,3,2.0,4.0,0,3.0,1,0,3.0,0,1,0,1,0,0
1225,0.6279069767441862,1.6266293348190604,2.3274768235294205,0,3,3,2.0,4.0,3,4.0,1,1,2.0,0,0,0,1,1,0
1263,0.5581395348837209,-1.1450025174737646,0.3317744589608867,0,0,1,1.0,3.0,2,4.0,1,0,3.0,1,1,0,1,0,0
1625,0.2558139534883721,-0.234050765762369,-0.2918825299667802,0,2,3,2.0,3.0,0,3.0,1,0,2.0,1,0,0,0,1,1
974,0.2093023255813954,-0.6866432536242193,-0.9155395188944471,0,2,4,4.0,5.0,0,3.0,3,1,3.0,1,0,1,1,0,1
1595,0.18604651162790697,-1.2241465465462673,-0.41661392775231354,0,0,3,2.0,4.0,2,4.0,1,0,3.0,0,0,1,1,0,0
379,0.8604651162790699,1.6176808893209131,-0.9155395188944471,1,3,5,3.0,3.0,3,3.0,1,1,4.0,0,0,1,0,0,0
2115,0.2558139534883721,-1.1382414697640533,-1.1650023144655137,1,0,1,7.0,4.0,2,3.0,3,0,3.0,0,1,0,1,0,0
2163,0.41860465116279066,0.35813747187057926,-0.7908081211089137,1,1,1,2.0,4.0,1,3.0,3,0,2.0,1,0,1,1,0,0
912,0.18604651162790697,-1.1233273939338078,-0.6660767233233803,1,0,1,2.0,3.0,2,3.0,1,1,2.0,1,0,1,0,0,0
1706,0.34883720930232565,-1.1567349237935576,-0.9155395188944471,0,0,3,1.0,3.0,2,5.0,1,0,3.0,0,0,1,1,0,0
861,0.6511627906976744,1.6950352292937865,-0.9155395188944471,0,3,2,1.0,3.0,3,5.0,3,0,3.0,0,1,0,1,0,0
2805,0.5348837209302326,-0.5235826912135351,0.20704306117535332,1,0,3,5.0,3.0,2,3.0,1,0,5.0,0,0,1,0,0,0
3738,0.5581395348837209,0.4024819906725092,-0.41661392775231354,0,2,5,5.0,2.0,0,4.0,1,1,4.0,1,0,1,1,0,0
4302,0.5813953488372093,-0.45139856419514685,-1.0402709166799804,0,0,3,5.0,4.0,2,5.0,1,0,7.0,0,0,1,0,0,0
4389,0.2093023255813954,0.2835670927193517,2.452208221314954,0,2,3,3.0,4.0,0,4.0,3,0,5.0,1,1,0,0,0,0
4608,0.37209302325581395,0.4181914838803678,-1.0402709166799804,0,2,4,2.0,5.0,0,3.0,1,1,5.0,0,0,1,1,0,0
722,0.4651162790697675,-1.161308573714833,0.08231166338981993,0,0,5,1.0,3.0,2,3.0,1,0,5.0,1,1,0,0,0,1
1811,0.4651162790697675,0.5937798699884582,0.7059686523174868,1,1,5,1.0,4.0,1,3.0,1,0,5.0,1,0,1,1,0,0
2368,0.5813953488372093,2.2303511244273984,-0.7908081211089137,0,4,5,4.0,5.0,4,3.0,1,0,3.0,1,0,1,1,0,0
3629,0.6046511627906977,2.536785669152843,0.8307000501030202,0,3,3,3.0,5.0,3,3.0,1,0,6.0,1,0,1,1,0,0
178,0.6511627906976744,0.38359082795419824,-1.1650023144655137,0,1,2,2.0,3.0,1,5.0,3,0,4.0,0,1,0,1,0,0
798,0.34883720930232565,-1.2350835354884473,1.9532826301728206,1,0,4,5.0,4.0,2,4.0,1,1,2.0,1,1,0,0,0,0
47,0.4418604651162791,-1.0940958053065266,1.2048942434596204,0,0,4,5.0,3.0,2,4.0,1,0,4.0,1,0,1,1,0,0
2591,0.5581395348837209,2.4528691358146615,0.20704306117535332,0,3,2,3.0,5.0,3,5.0,1,0,5.0,1,0,1,1,0,1
4015,0.34883720930232565,-0.37583391332190297,-1.0402709166799804,0,0,1,3.0,4.0,2,5.0,1,1,6.0,1,0,1,0,0,0
3950,0.7674418604651162,-0.4301211493439966,-0.6660767233233803,1,0,4,3.0,5.0,2,3.0,3,0,5.0,1,1,0,1,0,0
3316,0.37209302325581395,-0.061047486131521125,2.078014027958354,0,2,3,3.0,4.0,0,3.0,3,0,5.0,0,1,0,0,0,1
3747,0.6976744186046512,1.091114585341045,-0.541345325537847,1,1,4,2.0,5.0,1,4.0,1,0,7.0,0,0,1,1,0,0
1879,0.5581395348837209,-0.7890532409919051,-0.2918825299667802,0,2,3,3.0,3.0,0,3.0,1,0,4.0,0,0,1,1,0,1
2363,0.45633174702942136,-0.234050765762369,-1.0402709166799804,0,0,1,2.0,3.0,2,3.0,1,0,5.0,0,0,1,1,0,0
1462,0.4883720930232558,0.6973829834225637,1.8285512323872872,0,3,1,1.0,4.0,3,3.0,3,0,3.0,0,1,0,1,0,0
4485,0.2093023255813954,-0.09584699640209397,-1.0402709166799804,0,0,4,5.0,6.0,2,3.0,1,0,5.0,0,0,1,1,0,1
2290,0.39534883720930236,-0.7071252510977565,0.20704306117535332,0,2,5,2.0,0.0,0,3.0,3,0,3.0,1,1,0,1,0,1
1772,0.2325581395348838,-0.569319190426288,0.8307000501030202,0,2,5,1.0,1.0,0,5.0,1,1,4.0,1,1,0,0,0,0
1300,0.37209302325581395,-0.34302294649536286,-0.16715113218124683,0,2,1,2.0,1.0,0,3.0,3,0,5.0,1,0,0,0,1,0
602,0.2790697674418605,-0.32751230763190753,-0.9155395188944471,1,2,2,6.0,4.0,0,3.0,1,1,3.0,0,1,0,1,0,0
4470,0.8372093023255814,-0.4764542115899593,-0.2918825299667802,0,2,5,4.0,4.0,0,3.0,1,1,5.0,1,0,1,1,0,0
1047,0.34883720930232565,-0.234050765762369,-0.2918825299667802,0,2,3,1.0,3.0,0,5.0,3,0,2.0,1,1,0,0,0,0
4382,0.813953488372093,0.14536332335907667,-0.2918825299667802,1,2,4,5.0,4.0,0,5.0,1,0,6.0,1,0,0,1,1,0
3144,0.9534883720930233,-0.4706874356022644,-0.7908081211089137,0,0,2,6.0,4.0,2,3.0,1,1,5.0,1,0,0,1,1,0
2027,0.39534883720930236,-0.6822684580473473,-0.9155395188944471,0,2,4,3.0,3.0,0,5.0,1,0,5.0,0,0,1,1,0,1
965,0.45633174702942136,-0.9654370444776086,1.2048942434596204,0,0,5,4.0,3.0,2,3.0,1,0,5.0,1,1,0,1,0,0
3624,0.4418604651162791,-0.5633535600941898,-0.16715113218124683,0,0,1,4.0,4.0,2,4.0,1,1,7.0,1,0,1,0,0,0
4115,0.744186046511628,0.38935760394189317,1.2048942434596204,1,2,1,3.0,4.0,0,3.0,1,0,5.0,1,0,1,0,0,1
4442,0.7674418604651162,0.38776676918666697,-0.04241973439571344,1,2,5,5.0,4.0,0,3.0,3,0,4.0,1,0,0,0,1,1
4698,0.4883720930232558,0.7908445252921023,1.0801628456740868,0,1,1,2.0,5.0,1,3.0,1,0,7.0,0,0,1,1,0,0
1266,0.5348837209302326,-1.2398560397541258,-0.04241973439571344,0,0,5,2.0,3.0,2,5.0,1,0,4.0,1,0,1,1,0,0
2235,0.4651162790697675,-1.1340655285315846,-0.7908081211089137,0,0,3,4.0,3.0,2,3.0,1,0,2.0,1,0,1,1,0,1
2164,0.34883720930232565,-0.31319479483487184,-1.1650023144655137,0,2,4,1.0,4.0,0,3.0,1,1,3.0,0,0,1,1,0,0
3249,0.6511627906976744,0.14854499286952907,0.08231166338981993,0,2,3,3.0,5.0,0,3.0,3,0,5.0,0,0,1,0,0,1
3442,0.2093023255813954,-0.18731999482759976,-0.7908081211089137,0,0,3,2.0,5.0,2,3.0,1,1,4.0,1,1,0,0,0,0
4174,0.34883720930232565,-0.40804831711523326,-0.16715113218124683,0,0,1,3.0,2.0,2,4.0,1,0,6.0,1,0,1,0,0,1
4127,0.7906976744186046,1.5200434062189059,-0.04241973439571344,0,1,3,7.0,5.0,1,4.0,1,0,5.0,1,0,1,1,0,0
2572,0.11627906976744184,-0.4619378444485203,-0.7908081211089137,0,0,5,2.0,4.0,2,3.0,1,0,7.0,1,0,0,1,1,0
746,0.5348837209302326,2.276684186673361,-0.2918825299667802,0,4,4,2.0,5.0,4,3.0,1,0,2.0,0,0,1,1,0,1
3535,0.37209302325581395,-0.104596587555838,2.078014027958354,0,2,1,3.0,5.0,0,4.0,1,1,5.0,1,0,1,0,0,0
2659,0.5581395348837209,1.7389820394069098,-0.2918825299667802,1,1,2,5.0,4.0,1,3.0,3,1,6.0,0,0,1,0,0,0
311,0.6279069767441862,-0.6590024997521643,-0.2918825299667802,0,1,2,2.0,3.0,1,5.0,1,0,5.0,1,0,1,1,0,1
3620,0.744186046511628,2.3001489993129476,1.703819834601754,0,3,4,5.0,4.0,3,4.0,1,0,4.0,0,0,1,0,0,0
2157,0.41860465116279066,-1.1941195405413731,-0.9155395188944471,0,0,5,5.0,3.0,2,3.0,1,1,4.0,1,1,0,1,0,0
3072,0.4651162790697675,0.29589606207235464,0.9554314478885536,0,2,5,6.0,5.0,0,3.0,3,0,7.0,1,1,0,1,0,0
1792,0.32558139534883723,-0.6898249231346717,-0.9155395188944471,0,2,3,1.0,1.0,0,3.0,1,1,3.0,0,1,0,0,0,0
1432,0.4418604651162791,1.038020475385371,0.08231166338981993,1,1,1,2.0,1.0,1,3.0,1,0,3.0,0,0,1,0,0,0
3491,0.37209302325581395,-0.0940573073024645,-0.16715113218124683,0,2,3,2.0,4.0,0,5.0,3,0,4.0,1,1,0,0,0,1
2397,0.41860465116279066,-0.6192316308715096,-0.04241973439571344,0,0,1,2.0,3.0,2,3.0,2,0,2.0,0,0,0,1,1,0
4762,0.41860465116279066,-0.4911694330758015,-0.541345325537847,0,0,1,3.0,5.0,2,3.0,1,0,5.0,1,0,1,1,0,1
20,0.45633174702942136,-0.234050765762369,0.20704306117535332,0,2,3,1.0,2.0,0,3.0,1,0,5.0,0,0,1,1,0,1
4385,0.4883720930232558,0.9898977240397789,0.20704306117535332,0,2,3,5.0,4.0,0,3.0,1,0,6.0,0,1,0,0,0,0
999,0.5581395348837209,1.6455204975373714,0.08231166338981993,0,3,3,1.0,3.0,3,5.0,2,0,3.0,0,0,1,0,0,0
1807,0.45633174702942136,-0.234050765762369,-0.04241973439571344,0,0,1,1.0,4.0,2,3.0,1,1,1.0,1,0,1,1,0,0
1265,0.34883720930232565,-1.0875336119412184,-0.6660767233233803,0,2,1,6.0,3.0,0,4.0,1,0,2.0,1,0,0,0,1,1
442,0.41860465116279066,0.2895327230514499,0.08231166338981993,0,1,2,2.0,3.0,1,3.0,3,1,3.0,1,1,0,1,0,1
2214,0.4418604651162791,-0.7451064308787817,-0.2918825299667802,0,2,4,6.0,5.0,0,4.0,1,0,3.0,0,1,0,1,0,0
4792,0.5813953488372093,0.2835670927193517,-0.7908081211089137,0,2,1,2.0,2.0,0,5.0,2,0,6.0,1,1,0,1,0,1
3064,0.41860465116279066,-0.4547790880500025,2.3274768235294205,0,0,4,3.0,5.0,2,5.0,1,1,5.0,0,1,0,1,0,0
3193,0.813953488372093,2.982617109304982,-0.7908081211089137,0,4,3,3.0,6.0,4,3.0,3,0,4.0,0,1,0,1,0,0
695,0.4418604651162791,0.4146121056811089,-1.1650023144655137,0,1,2,6.0,4.0,1,3.0,3,0,3.0,1,0,1,1,0,0
2599,0.2790697674418605,-0.10479544190024127,-1.0402709166799804,0,2,3,3.0,4.0,0,3.0,1,0,5.0,1,0,0,0,1,1
4272,0.4418604651162791,0.3593305979369989,-1.0402709166799804,0,2,1,6.0,4.0,0,3.0,3,1,5.0,0,1,0,1,0,1
2081,0.39534883720930236,0.3374566200526388,-0.2918825299667802,0,1,3,4.0,3.0,1,3.0,1,1,3.0,1,0,1,0,0,0
1134,0.39534883720930236,-1.1601154476484132,-0.2918825299667802,0,0,3,2.0,4.0,2,3.0,1,0,3.0,1,0,1,1,0,0
586,0.13953488372093026,-1.1593200302708002,-0.04241973439571344,0,0,5,2.0,4.0,2,4.0,1,0,2.0,1,0,1,1,0,1
206,0.09302325581395354,-1.2321007203223984,-0.541345325537847,1,0,4,2.0,2.0,2,4.0,1,0,2.0,1,0,1,0,0,0
2107,0.32558139534883723,-1.2348846811440441,-1.1650023144655137,0,0,5,1.0,3.0,2,3.0,1,0,3.0,1,0,1,1,0,1
4556,0.4883720930232558,-0.3871686109528895,0.08231166338981993,0,0,4,2.0,5.0,2,4.0,3,0,7.0,1,1,0,0,0,0
4228,0.5116279069767442,2.4303985948970914,0.20704306117535332,1,3,3,3.0,4.0,3,5.0,1,0,7.0,1,1,0,1,0,0
4074,0.11627906976744184,-0.501708713329175,1.3296256412451537,0,0,1,3.0,4.0,2,3.0,1,0,5.0,1,1,0,1,0,0
4069,0.2790697674418605,-0.10479544190024127,-1.0402709166799804,0,2,3,3.0,4.0,0,3.0,1,0,4.0,1,0,0,0,1,1
4471,0.41860465116279066,0.04911782066789235,-0.7908081211089137,0,2,4,4.0,4.0,0,5.0,1,0,7.0,0,0,1,1,0,1
4857,0.6744186046511628,-0.28296893448557425,0.8307000501030202,1,2,1,8.0,6.0,0,3.0,3,0,5.0,1,1,0,0,0,0
3121,0.744186046511628,0.5084713562394539,-0.04241973439571344,0,1,4,6.0,4.0,1,4.0,1,0,4.0,0,0,1,0,0,0
521,0.2093023255813954,-0.7709574956512072,-0.2918825299667802,1,2,2,2.0,2.0,0,3.0,3,0,5.0,0,1,0,1,0,1
3748,0.5348837209302326,-0.07914323147221901,0.4565058567464201,0,2,1,4.0,4.0,0,5.0,1,0,5.0,0,0,1,1,0,0
931,0.2790697674418605,-0.7614124871198501,-0.2918825299667802,1,2,3,1.0,3.0,0,3.0,1,1,5.0,0,1,0,1,0,1
1122,0.2558139534883721,-0.7558445654765584,-0.2918825299667802,1,0,3,2.0,3.0,2,5.0,1,1,3.0,1,1,0,0,0,0
2362,0.023255813953488413,-1.3253634078475336,0.08231166338981993,1,0,5,2.0,4.0,2,4.0,1,1,5.0,0,1,0,0,0,1
1590,0.2790697674418605,-1.1754272321674653,1.703819834601754,0,0,3,2.0,5.0,2,3.0,1,0,3.0,1,0,1,0,0,1
4803,0.2325581395348838,-0.519207895636663,0.7059686523174868,1,0,4,3.0,4.0,2,5.0,1,0,4.0,1,0,1,1,0,0
1411,0.16279069767441867,-1.2601391828832598,-0.9155395188944471,0,0,4,5.0,3.0,2,4.0,2,0,2.0,0,0,1,0,0,0
1504,0.13953488372093026,-1.2390606223765128,-1.1650023144655137,1,0,3,3.0,3.0,2,3.0,1,0,5.0,1,1,0,0,0,0
1872,0.2790697674418605,-0.3871686109528895,0.3317744589608867,0,2,1,1.0,3.0,0,3.0,3,1,3.0,0,0,0,1,1,0
3155,0.2790697674418605,-0.48560151143250985,0.20704306117535332,1,0,5,8.0,5.0,2,5.0,1,1,6.0,0,0,1,1,0,0
1179,0.37209302325581395,-0.6146579809502343,-0.7908081211089137,0,2,5,2.0,3.0,0,4.0,1,0,5.0,0,0,1,1,0,0
2048,0.4651162790697675,-0.5058846545616438,-0.9155395188944471,1,2,1,7.0,1.0,0,5.0,1,1,3.0,0,0,1,0,0,1
3728,0.5116279069767442,1.7137275376676941,0.20704306117535332,0,1,3,2.0,4.0,1,3.0,1,1,5.0,1,1,0,1,0,0
3022,0.4883720930232558,0.22550162415359587,-0.7908081211089137,1,2,2,8.0,2.0,0,5.0,1,1,7.0,0,0,1,1,0,1
2005,0.5348837209302326,2.1112373721298376,0.08231166338981993,0,4,1,4.0,4.0,4,3.0,2,0,4.0,1,0,1,1,0,0
2296,0.4651162790697675,-1.1294918786103092,-1.1650023144655137,0,0,4,2.0,1.0,2,3.0,2,0,2.0,1,0,1,1,0,0
217,0.2558139534883721,-1.2857913933112821,-1.1650023144655137,0,0,2,1.0,3.0,2,3.0,1,1,2.0,1,0,0,0,1,0
3105,0.6046511627906977,-0.01610640429638133,-0.04241973439571344,0,2,3,6.0,4.0,0,4.0,1,0,4.0,0,0,1,1,0,0
4315,0.9069767441860465,1.6636162428780692,-0.2918825299667802,0,3,3,2.0,2.0,3,5.0,3,0,4.0,0,0,1,1,0,1
1173,0.41860465116279066,-0.10260804411180527,-0.541345325537847,0,1,4,5.0,3.0,1,5.0,1,0,3.0,0,0,1,1,0,0
2456,0.32558139534883723,-0.38478235882005024,2.2027454257438874,0,0,3,3.0,4.0,2,3.0,1,0,5.0,1,0,1,0,0,0
4292,0.39534883720930236,0.09107608733698304,1.3296256412451537,1,2,1,2.0,2.0,0,3.0,3,1,5.0,1,1,0,0,0,1
3852,0.13953488372093026,-0.4372799057425144,0.4565058567464201,0,0,5,3.0,4.0,2,3.0,1,1,5.0,1,0,1,1,0,0
4801,0.5813953488372093,1.6594403016456005,2.2027454257438874,1,1,3,5.0,4.0,1,5.0,1,0,4.0,0,1,0,0,0,1
1763,0.18604651162790697,-0.5361105149109413,-0.6660767233233803,1,2,1,2.0,4.0,0,3.0,3,1,2.0,1,1,0,1,0,0
199,0.4651162790697675,-0.45000658378432395,2.452208221314954,0,2,2,4.0,3.0,0,3.0,1,0,3.0,1,0,0,0,1,0
1175,0.4883720930232558,-0.642099880477886,0.3317744589608867,0,2,3,5.0,3.0,0,4.0,1,0,4.0,1,1,0,1,0,0
838,0.5581395348837209,1.0408044362070168,0.3317744589608867,1,3,5,1.0,3.0,3,5.0,3,1,3.0,1,0,1,1,0,1
1882,0.6511627906976744,-0.7385442375134736,-0.2918825299667802,0,2,5,3.0,3.0,0,3.0,1,0,3.0,0,1,0,1,0,0
4542,0.4651162790697675,0.29589606207235464,0.9554314478885536,0,2,5,6.0,5.0,0,3.0,3,0,5.0,1,1,0,1,0,0
2282,0.5813953488372093,0.4565703723501996,2.2027454257438874,0,1,4,1.0,3.0,1,5.0,1,0,2.0,0,0,1,1,0,1
1426,0.32558139534883723,-1.130883859021132,2.452208221314954,0,0,3,2.0,4.0,2,4.0,1,1,2.0,0,0,1,1,0,0
4597,0.18604651162790697,-0.4838118223328804,1.3296256412451537,1,0,1,3.0,5.0,2,4.0,3,0,5.0,1,1,0,0,0,0
70,0.9534883720930233,-0.6067038071741034,-1.1650023144655137,0,2,5,1.0,4.0,0,3.0,3,1,3.0,0,0,1,1,0,1
572,0.2558139534883721,-0.234050765762369,-0.2918825299667802,0,2,2,5.0,3.0,0,3.0,1,0,3.0,0,1,0,1,0,0
1379,0.2093023255813954,-1.125713646066647,1.5790884368162204,0,0,1,2.0,4.0,2,4.0,2,0,2.0,0,0,1,1,0,1
98,0.9302325581395349,1.06347383146899,0.08231166338981993,0,3,3,1.0,3.0,3,3.0,3,1,3.0,1,1,0,1,0,0
4020,0.7674418604651162,2.6499337911183054,-1.0402709166799804,1,4,1,3.0,4.0,4,4.0,1,0,7.0,0,0,1,0,0,1
141,0.45633174702942136,-1.0085884372131189,2.452208221314954,0,0,2,6.0,3.0,2,3.0,1,1,2.0,1,1,0,1,0,0
4459,0.3023255813953488,0.09107608733698304,2.3274768235294205,0,2,3,2.0,4.0,0,3.0,3,0,7.0,1,1,0,1,0,0
1473,0.34883720930232565,-1.1165663462240965,-0.7908081211089137,1,0,1,2.0,3.0,2,3.0,1,0,3.0,0,0,1,1,0,1
4075,0.2325581395348838,-0.5611661623057538,0.08231166338981993,0,0,3,8.0,4.0,2,4.0,1,0,5.0,1,1,0,1,0,1
2800,0.5813953488372093,0.3847839540206179,-0.7908081211089137,0,2,2,5.0,5.0,0,3.0,1,1,6.0,1,0,1,0,0,0
4168,0.2790697674418605,0.4146121056811089,1.454357039030687,0,2,1,4.0,4.0,0,3.0,3,0,4.0,1,1,0,1,0,0
4337,0.3023255813953488,0.7091153897423569,1.703819834601754,0,1,1,2.0,4.0,1,5.0,3,0,6.0,0,0,1,1,0,1
3895,0.4883720930232558,0.0988314067687107,0.20704306117535332,0,2,4,3.0,4.0,0,3.0,3,0,7.0,0,0,1,0,0,0
467,0.4418604651162791,0.061645644365298576,-0.04241973439571344,0,1,2,2.0,3.0,1,4.0,3,0,3.0,1,1,0,1,0,1
2405,0.32558139534883723,-0.4603470096932942,-0.7908081211089137,0,0,4,2.0,3.0,2,3.0,1,1,2.0,0,0,1,1,0,1
1365,0.2558139534883721,-1.4780835443492475,1.8285512323872872,0,0,3,2.0,1.0,2,5.0,3,1,3.0,1,0,0,1,1,1
4573,0.2558139534883721,0.01232976695328677,-0.41661392775231354,0,2,3,3.0,4.0,0,3.0,3,1,6.0,1,1,0,0,0,0
598,0.2325581395348838,-0.234050765762369,-0.2918825299667802,0,0,3,7.0,3.0,2,3.0,1,1,2.0,1,1,0,0,0,0
629,0.2325581395348838,-0.7134885901186612,-0.16715113218124683,0,0,2,2.0,0.0,2,3.0,2,0,4.0,1,1,0,0,0,0
4231,0.813953488372093,0.018891960318594792,-0.04241973439571344,0,2,1,4.0,5.0,0,4.0,1,0,4.0,1,1,0,1,0,0
3886,0.2790697674418605,-0.011731608719509314,-1.0402709166799804,1,0,3,2.0,4.0,2,3.0,1,0,4.0,1,1,0,1,0,0
804,0.6976744186046512,1.6626219711560528,-1.1650023144655137,0,3,2,3.0,1.0,3,3.0,1,1,2.0,1,1,0,0,0,1
1113,0.45633174702942136,-0.234050765762369,-1.1650023144655137,0,2,4,5.0,3.0,0,5.0,1,0,5.0,1,0,0,1,1,1
4753,0.5813953488372093,0.0614467900208953,-0.541345325537847,0,2,5,2.0,4.0,0,5.0,3,1,4.0,1,1,0,1,0,0
3573,0.5813953488372093,2.9364829014034224,0.08231166338981993,0,4,1,2.0,5.0,4,3.0,1,1,6.0,1,0,1,1,0,0
2173,0.4651162790697675,-0.5683249187042716,0.08231166338981993,1,2,3,2.0,3.0,0,3.0,3,1,2.0,0,0,0,1,1,1
3093,0.8372093023255814,1.874998410978749,1.8285512323872872,0,3,5,8.0,4.0,3,3.0,1,1,6.0,0,0,1,1,0,0
153,0.6279069767441862,-1.2281236334343328,-0.04241973439571344,0,2,4,1.0,3.0,0,4.0,1,0,2.0,1,0,1,1,0,0
4779,0.3023255813953488,-0.14536172815850906,2.5769396191004876,0,2,1,2.0,4.0,0,5.0,3,0,5.0,1,0,1,1,0,0
725,0.45633174702942136,-0.234050765762369,0.5812372545319534,1,0,5,2.0,4.0,2,4.0,1,0,3.0,1,0,1,1,0,0
2529,0.9069767441860465,0.48003518498978587,-0.16715113218124683,0,1,2,6.0,6.0,1,3.0,1,1,4.0,1,0,1,0,0,0
4266,0.7209302325581396,1.5228273670405517,2.5769396191004876,0,1,4,5.0,4.0,1,3.0,3,0,6.0,0,1,0,0,0,0
2135,0.6744186046511628,-1.0400074236288361,-0.9155395188944471,1,0,1,2.0,4.0,2,3.0,3,1,3.0,0,0,1,0,0,0
461,0.39534883720930236,-0.7288003746377133,-0.2918825299667802,0,2,4,2.0,3.0,0,3.0,3,1,5.0,0,1,0,0,0,0
1527,0.45633174702942136,-0.234050765762369,1.703819834601754,1,0,4,4.0,3.0,2,5.0,1,0,1.0,0,1,0,0,0,0
4435,0.2325581395348838,-0.039571216935967594,-0.6660767233233803,1,2,1,3.0,2.0,0,3.0,3,0,5.0,0,1,0,1,0,1
1930,0.18604651162790697,-0.234050765762369,-0.2918825299667802,0,2,5,6.0,3.0,0,3.0,3,0,2.0,1,1,0,0,0,0
1397,0.8372093023255814,-1.1189525983569357,-0.04241973439571344,0,2,5,4.0,3.0,0,3.0,1,0,4.0,0,0,1,0,0,0
242,0.5348837209302326,-1.0841530880863628,1.2048942434596204,0,2,2,3.0,3.0,0,5.0,1,0,2.0,1,0,1,1,0,0
4562,0.4651162790697675,-0.3724533894670473,1.5790884368162204,0,0,1,7.0,4.0,2,3.0,3,0,4.0,0,1,0,1,0,1
3634,0.34883720930232565,0.12408590850792643,-0.7908081211089137,0,2,4,2.0,4.0,0,4.0,1,0,5.0,1,1,0,0,0,0
2246,0.04651162790697677,-1.2330949920444148,-0.04241973439571344,1,0,4,2.0,3.0,2,3.0,3,1,2.0,0,1,0,1,0,1
4475,0.813953488372093,2.3882414738835975,-0.6660767233233803,0,3,5,3.0,5.0,3,5.0,3,0,3.0,1,1,0,1,0,0
1249,0.2558139534883721,-1.146195643540184,-0.04241973439571344,0,0,1,2.0,5.0,2,4.0,3,1,3.0,0,1,0,1,0,0
1663,0.5813953488372093,-1.2796269086347807,-0.2918825299667802,0,0,4,5.0,1.0,2,3.0,1,0,2.0,1,1,0,1,0,1
4071,0.9534883720930233,-0.2982807190046263,0.08231166338981993,1,0,1,6.0,5.0,2,4.0,1,0,6.0,0,1,0,1,0,0
3560,0.8837209302325583,2.931113834104534,2.2027454257438874,0,4,3,3.0,5.0,4,3.0,3,0,5.0,1,1,0,1,0,0
1396,0.813953488372093,0.38259655623218186,1.8285512323872872,1,1,3,7.0,3.0,1,5.0,3,1,5.0,1,0,1,1,0,0
1630,0.09302325581395354,-1.2330949920444148,1.2048942434596204,0,0,1,2.0,3.0,2,3.0,1,0,3.0,1,1,0,1,0,0
1457,0.5116279069767442,-1.2971260909422686,-0.9155395188944471,0,0,1,3.0,3.0,2,3.0,1,0,4.0,0,1,0,1,0,0
3112,0.2558139534883721,-0.49097057873139827,0.08231166338981993,0,0,3,7.0,4.0,2,3.0,1,0,6.0,0,1,0,1,0,0
3956,0.2093023255813954,-0.5076743436612732,2.078014027958354,0,0,1,3.0,6.0,2,3.0,1,1,4.0,1,0,1,0,0,0
1576,0.744186046511628,1.9185475124030658,-1.1650023144655137,1,4,1,4.0,3.0,4,4.0,1,0,5.0,0,0,1,0,0,1
2665,0.37209302325581395,-0.44225126435259626,-0.541345325537847,0,0,4,8.0,5.0,2,4.0,1,0,4.0,0,1,0,0,0,0
2507,0.9767441860465117,0.55500327282982,2.078014027958354,0,1,3,2.0,4.0,1,5.0,3,1,4.0,0,0,1,1,0,0
2437,0.5116279069767442,-1.2203683140026051,1.0801628456740868,0,0,1,1.0,1.0,2,5.0,2,0,3.0,1,0,1,1,0,0
4163,0.6511627906976744,0.315781496512682,-0.16715113218124683,0,2,1,6.0,2.0,0,3.0,1,0,5.0,1,0,1,1,0,1
2515,0.2790697674418605,-0.4261440624559311,-0.7908081211089137,0,0,4,2.0,4.0,2,4.0,1,0,5.0,1,0,1,0,0,0
2151,0.4651162790697675,1.0058060715920407,-1.1650023144655137,0,1,4,2.0,3.0,1,5.0,1,0,4.0,0,0,0,1,1,0
101,0.32558139534883723,-1.1072201920371425,-1.1650023144655137,0,0,2,2.0,3.0,2,5.0,1,1,5.0,1,0,1,0,0,0
3572,0.4418604651162791,0.14238050819302758,-0.2918825299667802,1,2,4,5.0,2.0,0,5.0,1,0,6.0,1,0,1,1,0,1
4808,0.8604651162790699,2.571784033767819,-0.6660767233233803,0,3,5,3.0,4.0,3,3.0,1,0,4.0,1,0,1,0,0,0
194,0.6279069767441862,1.6441285171265485,-0.9155395188944471,0,3,4,1.0,4.0,3,3.0,1,0,3.0,1,1,0,1,0,1
2336,0.5116279069767442,-0.234050765762369,-0.2918825299667802,0,2,4,6.0,3.0,0,4.0,3,0,4.0,1,1,0,1,0,1
3127,0.18604651162790697,-0.4838118223328804,1.3296256412451537,1,0,2,3.0,5.0,2,4.0,3,0,4.0,1,1,0,0,0,0
1118,0.18604651162790697,-1.2851948302780722,-0.7908081211089137,0,0,3,2.0,3.0,2,3.0,1,0,3.0,0,0,1,1,0,0
1666,0.39534883720930236,-0.234050765762369,-0.2918825299667802,0,2,1,6.0,3.0,0,4.0,1,1,2.0,0,1,0,0,0,1
2063,0.41860465116279066,-0.6554231215529054,-1.1650023144655137,0,2,5,1.0,3.0,0,4.0,1,0,3.0,0,0,1,1,0,0
1944,0.13953488372093026,-1.1531555455942988,1.703819834601754,1,0,4,2.0,1.0,2,3.0,1,0,2.0,1,1,0,0,0,0
2380,0.11627906976744184,-1.4518347708880155,-1.0402709166799804,1,0,5,2.0,3.0,2,4.0,3,1,3.0,0,0,1,1,0,1
1753,0.8604651162790699,-0.6182373591494933,1.3296256412451537,1,2,1,4.0,3.0,0,3.0,1,0,2.0,1,0,0,0,1,0
4802,0.41860465116279066,1.0998641764947892,-0.04241973439571344,1,1,5,6.0,5.0,1,3.0,3,0,7.0,0,1,0,1,0,1
2828,0.4418604651162791,0.5468502447092857,-0.7908081211089137,0,1,2,3.0,5.0,1,3.0,3,0,5.0,1,1,0,1,0,0
3705,0.4883720930232558,0.19189523994944266,1.2048942434596204,1,2,5,5.0,6.0,0,3.0,1,0,5.0,1,1,0,0,0,0
2406,0.6279069767441862,1.8964746801743024,-1.0402709166799804,0,2,4,2.0,4.0,0,5.0,3,0,5.0,1,0,1,1,0,0
1769,0.7674418604651162,-0.6049141180744739,-0.9155395188944471,0,2,1,6.0,5.0,0,4.0,1,0,3.0,1,1,0,0,0,0
1004,0.45633174702942136,-0.9835327898183065,-0.2918825299667802,0,0,1,1.0,1.0,2,5.0,1,1,3.0,1,0,1,1,0,0
2767,0.2558139534883721,-0.27481590636504005,-0.7908081211089137,1,0,3,7.0,6.0,2,3.0,1,0,4.0,1,1,0,1,0,0
3996,0.8837209302325583,1.0724222769671374,-1.0402709166799804,0,1,1,5.0,4.0,1,3.0,3,0,7.0,1,0,1,0,0,0
3934,0.16279069767441867,-0.1660425799764495,0.3317744589608867,0,2,5,2.0,2.0,0,3.0,1,0,6.0,0,0,1,0,0,1
3835,0.4883720930232558,-0.3953216390734237,-1.0402709166799804,0,0,3,6.0,5.0,2,5.0,3,1,5.0,1,0,1,0,0,0
3083,0.744186046511628,-0.25174880241426034,-1.0402709166799804,0,0,4,4.0,4.0,2,5.0,1,0,4.0,0,0,0,1,1,0
3682,0.13953488372093026,-0.30842229056919324,-0.541345325537847,0,0,3,3.0,4.0,2,4.0,1,1,5.0,0,1,0,1,0,0
1424,0.39534883720930236,-0.6812741863253309,-0.04241973439571344,0,2,4,2.0,3.0,0,3.0,1,1,3.0,1,1,0,0,0,0
4130,0.3023255813953488,0.36788133474633966,2.2027454257438874,0,2,1,7.0,5.0,0,5.0,3,1,5.0,0,1,0,1,0,1
169,0.32558139534883723,-1.090914135796074,-0.41661392775231354,0,0,2,4.0,3.0,2,3.0,1,1,3.0,1,0,1,0,0,0
2371,0.6976744186046512,-1.186165366765242,1.8285512323872872,1,0,1,2.0,5.0,2,3.0,3,1,5.0,1,0,1,1,0,1
1349,0.18604651162790697,-1.111793841958418,-1.1650023144655137,1,0,4,2.0,4.0,2,3.0,1,0,2.0,0,0,1,0,0,0
3114,0.2325581395348838,-0.5027029850511914,-0.541345325537847,0,0,2,3.0,4.0,2,3.0,1,1,6.0,0,0,1,1,0,0
1201,0.45633174702942136,-0.234050765762369,-0.16715113218124683,1,0,4,2.0,4.0,2,3.0,1,1,5.0,1,1,0,1,0,0
426,0.2790697674418605,-1.1851710950432257,-0.9155395188944471,0,0,4,1.0,3.0,2,3.0,1,1,2.0,0,1,0,1,0,1
97,0.45633174702942136,-0.234050765762369,-0.6660767233233803,0,2,2,2.0,3.0,0,3.0,3,0,2.0,1,1,0,1,0,1
1120,0.45633174702942136,-0.234050765762369,0.8307000501030202,0,2,1,3.0,3.0,0,4.0,3,1,2.0,0,0,1,0,0,0
2292,0.45633174702942136,-0.234050765762369,-0.9155395188944471,0,2,4,3.0,3.0,0,3.0,1,1,4.0,1,0,1,1,0,1
2313,0.18604651162790697,-0.234050765762369,-0.2918825299667802,0,0,5,2.0,1.0,2,3.0,1,0,3.0,1,1,0,1,0,0
4658,0.4651162790697675,-0.013720152163542049,0.3317744589608867,0,2,4,7.0,6.0,0,4.0,1,0,5.0,0,1,0,1,0,0
82,0.8604651162790699,0.34103599825189773,-1.1650023144655137,0,1,2,4.0,3.0,1,3.0,3,0,4.0,1,0,1,0,0,0
1543,0.32558139534883723,-0.45815961190485816,-1.1650023144655137,0,2,3,2.0,3.0,0,4.0,1,0,3.0,1,0,1,1,0,0
2389,0.9534883720930233,0.39532323427399135,0.5812372545319534,1,1,5,1.0,3.0,1,3.0,1,1,2.0,0,0,1,1,0,1
2528,0.39534883720930236,-0.10360231583382164,-1.0402709166799804,0,2,5,3.0,4.0,0,4.0,1,0,5.0,1,1,0,0,0,0
4325,1.0,2.9271367472164687,-0.16715113218124683,0,4,5,7.0,4.0,4,5.0,1,0,4.0,0,0,1,1,0,0
3057,0.39534883720930236,-0.2205286703429464,-0.6660767233233803,0,0,2,2.0,4.0,2,3.0,2,0,5.0,1,0,1,1,0,0
4021,0.18604651162790697,0.17857199887442335,-0.41661392775231354,1,2,3,3.0,5.0,0,3.0,3,1,5.0,1,1,0,0,0,0
155,0.2558139534883721,-0.234050765762369,-0.2918825299667802,0,2,3,2.0,3.0,0,3.0,1,0,3.0,1,0,0,0,1,1
1133,0.5813953488372093,-0.7254198507828576,-0.2918825299667802,0,0,5,6.0,1.0,2,4.0,1,0,3.0,1,0,0,1,1,0
2392,0.6046511627906977,2.120981235005598,-0.04241973439571344,0,0,1,4.0,4.0,2,5.0,3,0,5.0,1,0,1,1,0,0
1034,0.6279069767441862,0.4627348570267011,1.3296256412451537,1,1,3,3.0,5.0,1,5.0,1,0,3.0,1,1,0,0,0,0
864,0.5348837209302326,-1.2760475304355217,-0.541345325537847,0,0,3,7.0,4.0,2,5.0,1,0,3.0,1,0,1,1,0,1
3931,0.11627906976744184,-0.3800098545543717,0.9554314478885536,1,0,3,3.0,2.0,2,3.0,1,0,7.0,1,1,0,0,0,1
2688,0.6511627906976744,2.854753765853677,-1.0402709166799804,0,4,4,3.0,3.0,4,3.0,1,0,7.0,1,0,1,1,0,0
1320,0.5581395348837209,-1.111197278925208,0.08231166338981993,0,0,4,4.0,3.0,2,3.0,1,0,2.0,1,0,0,1,1,1
898,0.5813953488372093,2.2303511244273984,-0.7908081211089137,0,4,5,4.0,5.0,4,3.0,1,0,3.0,1,0,1,1,0,0
2689,0.32558139534883723,1.755685804336785,-0.6660767233233803,0,1,4,2.0,4.0,1,3.0,1,0,7.0,1,1,0,1,0,1
1186,0.39534883720930236,-0.7840818823818233,-0.2918825299667802,1,2,3,4.0,3.0,0,3.0,3,1,2.0,1,0,1,1,0,1
4711,0.2093023255813954,-0.49097057873139827,1.5790884368162204,0,0,5,3.0,4.0,2,3.0,1,0,4.0,1,1,0,1,0,0
3893,0.34883720930232565,-0.4786416093783953,-0.7908081211089137,0,0,1,3.0,4.0,2,5.0,1,1,6.0,1,0,0,1,1,0
1327,0.6511627906976744,0.9348150706400722,-0.7908081211089137,0,3,3,3.0,1.0,3,5.0,3,0,2.0,0,0,0,1,1,0
2143,0.34883720930232565,-1.1384403241084564,-1.1650023144655137,1,0,4,4.0,4.0,2,5.0,1,1,4.0,1,0,1,1,0,0
2905,0.41860465116279066,0.002585904077526371,-1.0402709166799804,0,2,4,3.0,4.0,0,3.0,3,1,7.0,0,1,0,0,0,0
1240,0.4883720930232558,-0.40804831711523326,-1.1650023144655137,1,2,5,2.0,3.0,0,3.0,1,0,5.0,1,0,1,1,0,1
4290,0.7906976744186046,0.017897688596578424,0.7059686523174868,0,2,3,6.0,4.0,0,3.0,3,0,4.0,0,0,1,1,0,0
3350,0.39534883720930236,-0.4496088750955174,1.454357039030687,0,0,1,2.0,2.0,2,3.0,1,0,4.0,0,0,0,1,1,0
4503,0.2790697674418605,-0.5025041307067881,-1.0402709166799804,1,0,1,3.0,5.0,2,5.0,1,0,4.0,0,0,1,0,0,0
312,0.3023255813953488,-1.1591211759263969,-0.9155395188944471,1,0,4,1.0,3.0,2,3.0,1,0,3.0,1,0,1,1,0,0
2417,0.7906976744186046,-0.01550984126317151,-0.2918825299667802,1,0,4,3.0,3.0,2,3.0,3,0,5.0,0,1,0,1,0,1
3605,0.4883720930232558,0.5786669398138095,-0.7908081211089137,1,1,5,5.0,5.0,1,3.0,1,0,5.0,0,1,0,1,0,0
2007,0.2093023255813954,0.05349261624476437,0.08231166338981993,0,1,3,2.0,3.0,1,5.0,1,0,3.0,1,0,1,0,0,1
531,0.32558139534883723,0.5239819951029093,-0.7908081211089137,0,1,2,4.0,3.0,1,3.0,1,1,3.0,0,0,1,1,0,0
3676,0.41860465116279066,0.40506709714975175,2.3274768235294205,0,2,5,4.0,4.0,0,3.0,1,0,5.0,1,0,1,0,0,0
1162,0.39534883720930236,0.35435923932691704,0.08231166338981993,0,1,5,1.0,4.0,1,5.0,3,0,3.0,1,1,0,1,0,0
3459,0.39534883720930236,-0.367879739545772,-1.0402709166799804,0,0,1,7.0,4.0,2,5.0,1,0,7.0,1,0,1,1,0,1
2014,0.6744186046511628,1.043190688339856,-0.7908081211089137,1,3,5,1.0,3.0,3,3.0,3,0,2.0,0,1,0,1,0,1
499,0.34883720930232565,-0.28237237145236443,-0.16715113218124683,0,2,2,1.0,3.0,0,3.0,3,0,3.0,1,1,0,1,0,0
1610,0.45633174702942136,-0.234050765762369,-0.04241973439571344,0,0,4,1.0,3.0,2,5.0,1,1,2.0,0,1,0,1,0,0
187,0.8604651162790699,2.0279174018248662,0.5812372545319534,0,4,2,1.0,2.0,4,4.0,1,1,5.0,1,1,0,0,0,0
208,0.5116279069767442,-0.7254198507828576,-0.2918825299667802,0,2,5,1.0,4.0,0,3.0,1,0,3.0,1,0,1,1,0,1
414,0.13953488372093026,-1.0583020233139373,-1.1650023144655137,1,0,4,2.0,3.0,2,4.0,3,1,5.0,0,0,0,1,1,0
1356,0.5348837209302326,-0.234050765762369,-0.2918825299667802,0,2,3,6.0,3.0,0,4.0,3,0,3.0,0,1,0,1,0,0
2518,0.4418604651162791,-0.3595278570808345,-0.2918825299667802,0,2,2,5.0,3.0,0,3.0,1,0,4.0,0,0,1,0,0,0
2874,0.41860465116279066,-0.1224934785521326,1.703819834601754,0,0,4,2.0,6.0,2,3.0,1,1,4.0,1,0,1,1,0,0
1865,0.5813953488372093,-1.2460205244306275,1.454357039030687,0,0,4,1.0,3.0,2,3.0,1,0,5.0,1,1,0,1,0,1
308,0.9302325581395349,-0.5695180447706912,-1.1650023144655137,1,2,2,3.0,5.0,0,3.0,1,0,3.0,1,0,1,1,0,1
1412,0.45633174702942136,-0.234050765762369,-1.1650023144655137,0,0,5,2.0,3.0,2,4.0,1,0,4.0,1,1,0,0,0,0
171,0.023255813953488413,-1.232697283355608,-1.1650023144655137,0,0,3,1.0,5.0,2,5.0,3,1,4.0,0,0,0,1,1,1
3516,0.2790697674418605,-0.3312905401755697,-0.7908081211089137,0,0,5,2.0,4.0,2,4.0,1,0,7.0,0,0,1,0,0,1
3086,0.4883720930232558,-0.3871686109528895,0.08231166338981993,0,0,4,2.0,5.0,2,4.0,3,0,5.0,1,1,0,0,0,0
1335,0.45633174702942136,-0.234050765762369,1.2048942434596204,0,2,5,1.0,3.0,0,3.0,1,0,2.0,1,0,1,1,0,0
3278,0.39534883720930236,0.17260636854232514,0.08231166338981993,0,2,2,3.0,4.0,0,3.0,3,0,7.0,0,0,1,1,0,0
3412,0.4418604651162791,-0.04116205169119378,-0.16715113218124683,0,2,1,4.0,2.0,0,5.0,3,0,4.0,0,1,0,1,0,1
3421,0.39534883720930236,-0.5601718905837374,2.2027454257438874,0,0,1,3.0,5.0,2,3.0,1,0,5.0,0,0,0,1,1,1
4847,0.2558139534883721,-0.5500303190191704,-0.9155395188944471,0,0,3,8.0,5.0,2,5.0,1,1,6.0,1,0,0,1,1,0
2291,0.7209302325581396,0.9139353644777285,-0.16715113218124683,0,3,4,7.0,4.0,3,4.0,3,0,3.0,1,0,0,1,1,0
214,0.2790697674418605,-1.1666776410137214,-0.7908081211089137,1,0,4,6.0,3.0,2,5.0,1,1,3.0,0,0,0,1,1,0
3017,0.2093023255813954,0.09545088291385506,-0.04241973439571344,0,2,3,8.0,5.0,0,5.0,3,1,5.0,1,0,0,1,1,0
86,0.11627906976744184,-1.233293846388818,-0.9155395188944471,0,0,3,4.0,3.0,2,5.0,3,0,4.0,1,0,0,1,1,0
1037,0.6279069767441862,0.17022011640948587,2.452208221314954,1,1,5,5.0,3.0,1,3.0,1,0,2.0,1,0,0,1,1,0
3069,0.6511627906976744,1.1762242447456461,0.08231166338981993,1,1,2,6.0,4.0,1,5.0,3,0,5.0,1,1,0,1,0,0
2038,0.8604651162790699,2.254014791411388,-0.9155395188944471,1,4,1,6.0,3.0,4,5.0,1,0,3.0,1,1,0,1,0,0
2656,0.2325581395348838,1.0211178561110927,1.454357039030687,0,2,2,3.0,4.0,0,3.0,3,1,5.0,0,0,1,1,0,1
836,0.2558139534883721,-0.236238163550805,1.703819834601754,0,1,3,2.0,4.0,1,5.0,3,0,2.0,0,0,1,0,0,0
1030,0.3023255813953488,0.45120130505131123,-0.16715113218124683,0,1,3,2.0,3.0,1,3.0,3,0,2.0,1,0,1,1,0,0
1154,0.6744186046511628,2.21404506818633,2.078014027958354,0,4,4,4.0,3.0,4,3.0,2,0,3.0,0,0,1,1,0,0
569,0.41860465116279066,-0.18632572310558337,-0.16715113218124683,0,1,2,2.0,4.0,1,5.0,3,1,5.0,1,0,1,0,0,1
3335,0.6279069767441862,-0.5637512687829963,-0.7908081211089137,0,0,4,3.0,2.0,2,3.0,1,0,5.0,0,0,1,1,0,0
1345,0.39534883720930236,-0.7429190330903457,-0.2918825299667802,1,2,1,1.0,4.0,0,4.0,1,0,3.0,0,0,1,1,0,0
3340,0.32558139534883723,0.39094843869711937,1.9532826301728206,0,2,5,3.0,5.0,0,5.0,1,1,7.0,0,1,0,0,0,0
3331,0.5813953488372093,1.6594403016456005,2.2027454257438874,1,1,3,5.0,4.0,1,5.0,1,0,5.0,0,1,0,0,0,1
684,0.5116279069767442,0.23484777834054973,0.08231166338981993,0,1,4,3.0,4.0,1,4.0,3,0,4.0,1,1,0,1,0,0
834,0.37209302325581395,-0.5587799101729145,-0.04241973439571344,0,2,2,2.0,3.0,0,3.0,3,0,5.0,0,0,1,1,0,0
2138,0.2325581395348838,-1.222356857446638,-0.04241973439571344,0,0,3,6.0,3.0,2,3.0,1,0,3.0,0,1,0,0,0,0
2523,0.6744186046511628,0.03480030787085667,-0.41661392775231354,1,2,5,2.0,4.0,0,4.0,2,0,6.0,1,1,0,0,0,0
2176,0.5116279069767442,0.9286505859635706,1.8285512323872872,1,3,3,5.0,1.0,3,4.0,3,1,3.0,0,0,1,1,0,1
1868,0.4418604651162791,-0.234050765762369,-0.2918825299667802,1,2,3,4.0,3.0,0,3.0,1,0,5.0,0,1,0,1,0,1
1025,0.45633174702942136,-0.234050765762369,-0.6660767233233803,1,2,5,2.0,3.0,0,3.0,3,0,2.0,0,1,0,1,0,0
1057,0.2558139534883721,-0.5486383386083475,0.4565058567464201,0,2,3,6.0,3.0,0,4.0,3,1,3.0,0,0,0,0,1,1
183,0.45633174702942136,-0.9612611032451399,-1.1650023144655137,0,0,3,3.0,4.0,2,3.0,1,0,2.0,1,1,0,0,0,0
1095,0.34883720930232565,-0.6595990627853741,2.3274768235294205,1,2,1,2.0,3.0,0,3.0,1,0,3.0,1,0,1,1,0,0
436,0.45633174702942136,-1.017338028366863,0.08231166338981993,0,0,5,1.0,5.0,2,3.0,1,0,2.0,1,1,0,0,0,0
292,0.3023255813953488,-1.1404288675524892,-0.541345325537847,0,0,3,2.0,3.0,2,4.0,3,0,3.0,0,1,0,0,0,1
4104,0.813953488372093,3.013240678343086,-1.0402709166799804,0,4,1,2.0,5.0,4,3.0,1,0,7.0,1,0,1,1,0,0
4065,0.41860465116279066,0.48699508704390043,-1.0402709166799804,0,1,4,3.0,4.0,1,4.0,3,0,5.0,1,1,0,0,0,0
1569,0.6046511627906977,-1.2889730628217344,1.703819834601754,0,2,3,5.0,3.0,0,4.0,1,0,4.0,1,1,0,0,0,1
539,0.45633174702942136,-0.234050765762369,-0.16715113218124683,0,0,2,1.0,3.0,2,4.0,3,0,2.0,1,1,0,1,0,0
1376,0.4651162790697675,-0.7462995569452013,-0.2918825299667802,0,0,1,3.0,3.0,2,3.0,1,0,4.0,1,0,1,1,0,0
191,0.2093023255813954,-1.2418445831981586,-0.04241973439571344,0,0,3,2.0,3.0,2,4.0,1,1,2.0,0,1,0,1,0,0
4655,0.5813953488372093,2.6759837102351343,-0.41661392775231354,0,4,4,3.0,4.0,4,3.0,3,0,5.0,1,1,0,0,0,0
4087,0.3023255813953488,-0.3527668093711232,0.08231166338981993,0,2,1,3.0,4.0,0,5.0,1,0,6.0,1,1,0,1,0,1
282,0.2558139534883721,-0.7894509496807116,-0.2918825299667802,0,2,2,2.0,3.0,0,3.0,3,1,2.0,1,0,1,0,0,1
369,0.3023255813953488,-1.1666776410137214,-0.04241973439571344,1,0,3,1.0,4.0,2,4.0,1,1,2.0,1,0,1,1,0,0
3689,0.16279069767441867,-0.5371047866329577,0.20704306117535332,0,0,4,2.0,4.0,2,3.0,2,0,5.0,1,1,0,1,0,1
4257,0.2790697674418605,0.6804803641482855,0.20704306117535332,1,2,5,3.0,5.0,0,4.0,3,0,4.0,0,1,0,1,0,0
273,0.4418604651162791,-0.402082686783135,-0.41661392775231354,0,2,3,5.0,3.0,0,3.0,3,0,3.0,1,1,0,0,0,0
2935,0.6046511627906977,0.16564646648821058,0.08231166338981993,1,2,3,5.0,4.0,0,3.0,1,0,5.0,1,1,0,1,0,1
3776,0.2790697674418605,-0.4786416093783953,1.9532826301728206,1,0,3,3.0,5.0,2,3.0,1,1,7.0,1,0,1,1,0,1
1728,0.7674418604651162,-1.1535532542831053,-1.1650023144655137,0,0,4,2.0,3.0,2,3.0,1,0,3.0,1,0,1,1,0,0
1714,0.6279069767441862,2.1233674871384376,-1.1650023144655137,0,4,4,1.0,1.0,4,3.0,1,0,4.0,1,0,1,1,0,0
2869,0.7674418604651162,2.4260237993202196,2.5769396191004876,0,3,5,3.0,5.0,3,3.0,1,0,5.0,1,0,1,1,0,0
3431,0.7906976744186046,1.143413277919106,-0.7908081211089137,0,1,4,4.0,4.0,1,4.0,3,0,4.0,1,1,0,0,0,1
113,0.13953488372093026,-1.1434116827185383,1.0801628456740868,0,0,4,1.0,3.0,2,3.0,1,0,2.0,1,0,1,1,0,0
1328,0.45633174702942136,-0.9910892549056309,1.703819834601754,0,2,1,2.0,4.0,0,3.0,3,0,3.0,0,1,0,1,0,0
370,0.06976744186046513,-1.1549452346939282,0.3317744589608867,0,0,5,2.0,2.0,2,4.0,3,1,3.0,0,0,1,0,0,0
1605,0.41860465116279066,-0.7124943183966448,-0.41661392775231354,0,2,4,7.0,0.0,0,4.0,1,0,3.0,1,1,0,0,0,0
223,0.4651162790697675,0.4146121056811089,-0.7908081211089137,0,1,2,1.0,3.0,1,3.0,3,0,4.0,1,0,1,1,0,0
4336,0.04651162790697677,-0.4537848163279861,-0.7908081211089137,0,0,3,3.0,5.0,2,3.0,2,1,4.0,1,0,0,0,1,0
916,0.6511627906976744,2.0412406428998855,-0.6660767233233803,0,4,5,3.0,4.0,4,4.0,3,0,2.0,0,1,0,1,0,0
1522,0.6046511627906977,-0.6104820397177656,-1.1650023144655137,1,2,1,6.0,3.0,0,5.0,3,0,4.0,0,1,0,1,0,0
3623,0.39534883720930236,0.11672829776500532,-0.6660767233233803,0,2,5,3.0,4.0,0,4.0,1,0,7.0,0,0,1,1,0,0
3126,0.34883720930232565,-0.49991902422954554,-1.0402709166799804,0,0,3,8.0,5.0,2,4.0,1,0,5.0,0,0,1,1,0,1
2373,0.2558139534883721,-0.37802131111033893,0.08231166338981993,0,0,4,2.0,4.0,2,3.0,1,1,2.0,0,0,1,1,0,1
794,0.37209302325581395,-0.15271933890143016,-0.7908081211089137,0,2,2,1.0,3.0,0,3.0,1,1,2.0,1,0,1,1,0,1
3425,0.41860465116279066,-0.046133410301275615,1.2048942434596204,1,2,5,2.0,4.0,0,3.0,3,0,7.0,0,1,0,1,0,1
465,0.6511627906976744,0.3983060494400405,1.0801628456740868,0,1,3,6.0,3.0,1,3.0,1,0,2.0,0,1,0,1,0,1
4278,0.4651162790697675,-0.2772021584978793,0.20704306117535332,0,0,1,8.0,4.0,2,5.0,1,0,7.0,0,1,0,1,0,0
3759,0.4418604651162791,0.4207765903576104,-0.7908081211089137,1,2,4,6.0,4.0,0,4.0,1,0,5.0,0,0,1,0,0,0
555,0.2558139534883721,-1.2382652049988998,0.08231166338981993,0,0,2,2.0,3.0,2,4.0,3,0,3.0,1,1,0,0,0,0
4636,0.4883720930232558,-0.42992229499959334,0.20704306117535332,0,0,5,2.0,4.0,2,3.0,1,0,5.0,1,1,0,0,0,1
4545,0.6279069767441862,-0.40327581284955466,-0.04241973439571344,1,0,3,4.0,2.0,2,3.0,1,0,5.0,1,0,1,1,0,0
2807,0.37209302325581395,-0.39671361948424666,-0.41661392775231354,1,0,2,3.0,4.0,2,3.0,3,1,4.0,0,1,0,1,0,0
201,0.7209302325581396,-0.3420286747733465,1.0801628456740868,1,2,2,2.0,3.0,0,3.0,1,0,4.0,1,0,1,0,0,1
2916,0.4651162790697675,0.3183666029899246,-1.0402709166799804,0,2,2,8.0,4.0,0,4.0,1,0,6.0,0,0,1,1,0,0
2565,0.37209302325581395,0.25851144532453924,1.703819834601754,0,2,2,2.0,4.0,0,4.0,3,0,6.0,1,1,0,0,0,1
406,0.7906976744186046,-0.11036336354353293,-0.7908081211089137,1,1,2,3.0,4.0,1,3.0,1,0,2.0,1,1,0,0,0,0
2259,0.6046511627906977,0.38935760394189317,-1.1650023144655137,0,1,4,1.0,4.0,1,5.0,2,0,3.0,1,1,0,1,0,0
4718,0.7209302325581396,2.3940082498712925,-1.0402709166799804,0,3,1,3.0,2.0,3,3.0,1,1,4.0,1,1,0,0,0,1
4379,0.6744186046511628,1.1296923281552802,1.2048942434596204,0,1,3,7.0,4.0,1,3.0,1,0,5.0,0,1,0,0,0,1
4651,0.5581395348837209,0.031220929671597744,-0.16715113218124683,0,2,3,8.0,4.0,0,3.0,1,1,5.0,0,1,0,1,0,0
3882,0.13953488372093026,-0.6076980788961197,0.08231166338981993,0,0,5,3.0,4.0,2,5.0,3,0,4.0,1,1,0,1,0,1
4343,0.6744186046511628,2.5880900900088872,-0.7908081211089137,0,3,5,3.0,4.0,3,3.0,1,0,4.0,1,0,1,1,0,0
654,0.4883720930232558,-0.6601956258185839,-0.9155395188944471,0,2,3,1.0,4.0,0,3.0,2,0,2.0,0,0,1,0,0,0
4578,0.4418604651162791,0.3460073568619796,0.7059686523174868,1,2,5,2.0,4.0,0,3.0,1,0,5.0,1,0,1,1,0,0
2010,0.2325581395348838,-1.2543724068955648,-1.1650023144655137,1,0,1,1.0,5.0,2,4.0,1,1,5.0,0,0,1,1,0,0
3156,0.37209302325581395,-0.2772021584978793,0.5812372545319534,0,0,3,5.0,4.0,2,3.0,1,1,4.0,0,0,1,1,0,0
3908,0.2093023255813954,-0.3738453698778702,-0.41661392775231354,0,0,1,2.0,5.0,2,3.0,3,1,3.0,0,0,1,0,0,0
1632,0.2325581395348838,-1.155541797727138,1.454357039030687,0,0,1,2.0,3.0,2,3.0,1,0,2.0,1,1,0,0,0,0
2903,0.5581395348837209,0.39074958435271606,-0.7908081211089137,1,2,2,4.0,5.0,0,3.0,1,1,5.0,0,0,1,0,0,1
1079,0.4883720930232558,-0.02942964537140065,-0.41661392775231354,0,1,3,5.0,3.0,1,4.0,1,1,3.0,0,0,1,0,0,0
3234,0.37209302325581395,0.4519967224289243,-0.41661392775231354,0,1,3,6.0,5.0,1,3.0,1,0,4.0,1,0,1,0,0,0
195,0.45633174702942136,-0.9863167506399524,1.454357039030687,1,0,3,2.0,2.0,2,5.0,1,0,5.0,1,0,1,0,0,0
894,0.8372093023255814,1.8403977550525794,-0.7908081211089137,0,3,5,4.0,3.0,3,3.0,1,0,3.0,1,0,1,1,0,0
3299,0.4651162790697675,0.32373567028881295,-1.0402709166799804,0,2,2,3.0,5.0,0,3.0,1,0,5.0,0,0,1,1,0,0
1549,0.6511627906976744,-0.696585970844383,-0.541345325537847,1,2,5,1.0,0.0,0,4.0,2,0,5.0,1,1,0,1,0,0
3903,0.2790697674418605,-0.16325861915480366,0.5812372545319534,1,2,4,6.0,5.0,0,4.0,1,0,4.0,1,0,1,1,0,0
4006,0.3023255813953488,0.07218492461867207,-0.541345325537847,1,2,3,3.0,5.0,0,4.0,3,0,5.0,0,1,0,1,0,0
317,0.7906976744186046,-0.7124943183966448,-0.16715113218124683,0,2,2,3.0,0.0,0,4.0,1,0,3.0,1,1,0,1,0,0
2536,0.3023255813953488,0.07218492461867207,-0.541345325537847,1,2,3,3.0,5.0,0,4.0,3,0,6.0,0,1,0,1,0,0
1837,0.744186046511628,0.392141564763539,0.08231166338981993,0,1,5,7.0,4.0,1,3.0,1,1,4.0,1,0,0,1,1,0
3360,0.6744186046511628,2.772626921615125,-0.541345325537847,0,4,5,3.0,5.0,4,4.0,3,0,4.0,0,1,0,1,0,0
3329,0.18604651162790697,0.020681649418224254,0.20704306117535332,0,2,2,2.0,4.0,0,3.0,3,1,5.0,1,0,1,0,0,0
1978,0.39534883720930236,-0.37344766118906364,-0.41661392775231354,0,2,5,2.0,5.0,0,3.0,1,1,3.0,1,0,1,0,0,0
4886,0.023255813953488413,-0.6432930065443057,0.08231166338981993,0,0,5,3.0,4.0,2,3.0,3,1,5.0,1,1,0,0,0,0
2037,0.37209302325581395,-0.44742147730708137,-0.9155395188944471,0,2,5,2.0,3.0,0,3.0,3,1,3.0,1,0,1,0,0,0
3715,0.09302325581395354,-0.43091656672160966,-0.16715113218124683,0,0,5,3.0,4.0,2,4.0,3,1,5.0,1,1,0,1,0,0
115,0.4418604651162791,-0.21794356386570385,-0.7908081211089137,0,1,3,3.0,3.0,1,3.0,3,1,2.0,1,0,1,0,0,0
2727,0.8837209302325583,0.1131489195657464,1.454357039030687,1,2,2,5.0,4.0,0,3.0,1,0,5.0,1,0,0,1,1,0
2733,0.2558139534883721,-0.30543947540314415,-0.04241973439571344,0,0,4,3.0,4.0,2,3.0,1,1,6.0,0,0,1,0,0,0
92,0.2790697674418605,-0.6592013540965675,-0.6660767233233803,1,2,3,2.0,4.0,0,4.0,3,0,4.0,0,1,0,1,0,0
3791,0.4418604651162791,-0.19089937302685867,-0.7908081211089137,0,2,3,3.0,5.0,0,3.0,2,1,5.0,1,0,1,1,0,1
4887,0.41860465116279066,0.10280849365677618,-0.16715113218124683,1,0,3,3.0,4.0,2,4.0,1,1,6.0,1,0,1,1,0,0
4244,0.6046511627906977,0.08172993315002919,0.20704306117535332,0,2,3,3.0,5.0,0,3.0,1,0,4.0,0,0,1,1,0,1
2980,1.0,0.11116037612171366,0.9554314478885536,0,2,4,2.0,4.0,0,5.0,3,1,4.0,1,1,0,1,0,0
1029,0.45633174702942136,-0.234050765762369,-0.04241973439571344,0,2,3,4.0,3.0,0,3.0,1,0,2.0,1,0,1,1,0,1
1131,0.37209302325581395,-0.6882340883794454,0.08231166338981993,0,2,4,2.0,4.0,0,3.0,1,0,4.0,1,0,0,1,1,1
4411,0.6279069767441862,2.916597466963095,-0.6660767233233803,1,4,1,3.0,4.0,4,3.0,1,0,5.0,1,0,1,0,0,0
3119,0.32558139534883723,-0.5005155872627554,-0.16715113218124683,0,0,4,5.0,5.0,2,3.0,3,0,5.0,1,0,1,1,0,0
2377,0.6046511627906977,1.9267005405236,1.703819834601754,0,0,3,1.0,3.0,2,5.0,1,1,5.0,1,1,0,0,0,0
1908,0.39534883720930236,-0.17737727760743607,0.8307000501030202,1,1,1,5.0,3.0,1,3.0,1,0,3.0,1,0,1,0,0,0
4195,0.5813953488372093,0.012130912608883495,-1.0402709166799804,0,2,3,3.0,4.0,0,3.0,3,0,3.0,1,0,1,1,0,0
1912,0.41860465116279066,0.2895327230514499,0.08231166338981993,0,1,1,2.0,3.0,1,3.0,3,1,3.0,1,1,0,1,0,1
1507,0.39534883720930236,-1.2945409844650262,-0.9155395188944471,0,0,1,2.0,3.0,2,3.0,3,0,5.0,0,1,0,1,0,0
3672,0.5581395348837209,0.31498607913506893,-0.541345325537847,0,2,5,8.0,6.0,0,4.0,2,0,5.0,1,0,1,0,0,1
3506,0.6279069767441862,1.0664566466350391,-0.7908081211089137,1,1,1,7.0,4.0,1,3.0,1,1,5.0,1,1,0,0,0,1
3217,0.4418604651162791,0.7978044273462168,0.4565058567464201,0,1,2,2.0,5.0,1,3.0,1,1,4.0,0,1,0,1,0,0
2564,0.3023255813953488,-0.4440409534522257,1.8285512323872872,0,0,3,3.0,6.0,2,3.0,1,0,7.0,1,0,1,1,0,1
1639,0.32558139534883723,-1.090914135796074,-0.41661392775231354,0,0,1,4.0,3.0,2,3.0,1,1,3.0,1,0,1,0,0,0
3736,0.5116279069767442,-0.14297547602566976,1.454357039030687,0,2,3,4.0,4.0,0,3.0,3,0,4.0,1,0,1,1,0,1
4843,0.2558139534883721,-0.19467760557052086,0.5812372545319534,0,2,3,7.0,4.0,0,4.0,3,1,4.0,0,0,0,1,1,1
2015,0.2790697674418605,-0.6403101913782566,2.2027454257438874,0,2,3,1.0,3.0,0,3.0,3,0,5.0,1,1,0,1,0,0
3695,0.3023255813953488,0.45617266366139303,0.8307000501030202,0,1,1,4.0,5.0,1,5.0,3,0,7.0,1,1,0,0,0,0
2821,0.4418604651162791,-0.45796075756045485,-0.7908081211089137,0,0,5,6.0,4.0,2,3.0,1,0,5.0,0,0,1,1,0,0
2554,0.7906976744186046,0.5245785581361191,-1.0402709166799804,0,1,2,5.0,5.0,1,5.0,1,1,3.0,0,1,0,1,0,1
4685,0.8604651162790699,1.1613101689154006,-0.7908081211089137,0,1,5,8.0,5.0,1,3.0,3,0,5.0,0,0,1,1,0,0
2915,0.4883720930232558,0.9898977240397789,0.20704306117535332,0,2,3,5.0,4.0,0,3.0,1,0,7.0,0,1,0,1,0,0
